checking_account_status,duration_months,credit_history,purpose,credit_amount,savings_account,employment_since,installment_rate,personal_status_sex,other_debtors,residence_since,property,age,other_installment_plans,housing,existing_credits,job,people_liable,telephone,foreign_worker,target,credit_amount_per_month,credit_amount_per_age,is_long_term_loan,is_high_amount_loan
1,18,1,0,1442,1,4,4,3,1,4,4,32,1,3,2,2,1,1,2,1,80.11111111111111,45.0625,0,0
3,24,2,2,2892,1,5,3,1,1,4,4,51,3,3,1,3,2,1,2,0,120.5,56.705882352941174,0,1
2,9,4,2,1919,1,4,4,3,1,3,3,35,3,1,1,3,2,2,2,0,213.22222222222223,54.82857142857143,0,0
4,4,4,0,3380,1,4,1,2,1,1,1,37,3,2,1,3,1,1,2,0,845.0,91.35135135135135,0,1
4,24,4,2,3777,4,3,4,3,1,4,1,40,3,2,1,3,2,2,2,0,157.375,94.425,0,1
2,36,2,3,2323,1,4,4,3,1,4,3,24,3,1,1,3,2,1,2,0,64.52777777777777,96.79166666666667,1,0
2,30,1,2,3496,4,3,4,3,1,2,3,34,2,2,1,3,1,2,2,0,116.53333333333333,102.82352941176471,0,1
4,39,2,1,2569,3,3,4,3,1,4,3,24,3,2,1,3,2,1,2,0,65.87179487179488,107.04166666666667,1,1
2,18,2,9,4439,1,5,1,3,2,1,1,33,1,2,1,4,2,2,2,0,246.61111111111111,134.5151515151515,0,1
1,16,4,0,2625,1,5,2,3,3,4,2,43,3,1,1,3,2,2,1,1,164.0625,61.04651162790697,0,1
4,11,4,3,1154,2,1,4,2,1,4,1,57,3,2,3,2,2,1,2,0,104.9090909090909,20.24561403508772,0,0
2,15,3,5,1512,4,3,3,4,1,3,2,61,2,2,2,3,2,1,2,1,100.8,24.78688524590164,0,0
2,12,4,2,3617,1,5,1,3,1,4,3,28,3,1,3,3,2,2,2,0,301.4166666666667,129.17857142857142,0,1
2,26,2,1,7966,1,2,2,3,1,3,3,30,3,2,2,3,2,1,2,0,306.38461538461536,265.53333333333336,0,1
4,24,2,2,2835,3,5,3,3,1,4,2,53,3,2,1,3,2,1,2,0,118.125,53.490566037735846,0,1
4,36,4,1,11054,5,3,4,3,1,2,3,30,3,2,1,4,2,2,2,0,307.05555555555554,368.46666666666664,1,1
2,18,2,3,1113,1,3,4,2,3,4,1,26,3,2,1,2,1,1,2,0,61.833333333333336,42.80769230769231,0,0
4,60,3,3,15653,1,4,2,3,1,4,3,21,3,2,2,3,2,2,2,0,260.8833333333333,745.3809523809524,1,1
2,36,2,6,2273,1,4,3,3,1,1,3,32,3,2,2,3,1,1,2,0,63.138888888888886,71.03125,1,0
4,15,2,2,2221,3,3,2,2,1,4,3,20,3,1,1,3,2,1,2,0,148.06666666666666,111.05,0,0
2,48,2,3,3979,5,4,4,3,1,1,3,41,3,2,2,3,1,2,2,0,82.89583333333333,97.04878048780488,1,1
4,18,2,2,1533,1,2,4,4,2,1,2,43,3,2,1,2,1,1,2,1,85.16666666666667,35.651162790697676,0,0
3,6,2,0,709,4,2,2,4,1,2,1,27,3,2,1,1,2,1,1,0,118.16666666666667,26.25925925925926,0,0
1,24,2,0,4817,1,4,2,3,2,3,2,31,3,2,1,3,2,2,2,1,200.70833333333334,155.38709677419354,0,1
2,10,1,3,1048,1,3,4,3,1,4,1,23,2,2,1,2,2,1,2,0,104.8,45.56521739130435,0,0
2,15,4,3,2728,5,4,4,3,3,2,1,35,1,2,3,3,2,2,2,0,181.86666666666667,77.94285714285714,0,1
4,24,2,2,3062,3,5,4,3,1,3,4,32,3,1,1,3,2,2,2,0,127.58333333333333,95.6875,0,1
3,12,4,0,939,3,4,4,4,1,2,1,28,3,2,3,3,2,2,2,1,78.25,33.535714285714285,0,0
4,12,4,2,1935,1,5,4,3,1,4,1,43,3,2,3,3,2,2,2,0,161.25,45.0,0,0
1,24,2,0,1381,5,3,4,2,1,2,2,35,3,2,1,3,2,1,2,1,57.541666666666664,39.457142857142856,0,0
4,12,2,0,2133,5,5,4,2,1,4,4,52,3,3,1,4,2,2,2,0,177.75,41.01923076923077,0,0
3,24,2,3,1377,2,5,4,2,1,2,4,47,3,3,1,3,2,2,2,0,57.375,29.29787234042553,0,0
4,12,4,6,3565,5,2,2,3,1,1,2,37,3,2,2,2,1,1,2,0,297.0833333333333,96.35135135135135,0,1
1,6,4,3,1169,5,5,4,3,1,4,1,67,3,2,2,3,2,2,2,0,194.83333333333334,17.44776119402985,0,0
4,24,4,1,3868,1,5,4,2,1,2,3,41,3,1,2,4,2,2,2,0,161.16666666666666,94.34146341463415,0,1
4,12,4,3,930,5,5,4,3,1,4,1,65,3,2,4,3,2,1,2,0,77.5,14.307692307692308,0,0
4,21,2,1,2476,5,5,4,3,1,4,1,46,3,2,1,4,2,2,2,0,117.9047619047619,53.82608695652174,0,0
3,10,2,2,1275,1,2,4,2,1,2,2,23,3,2,1,3,2,1,2,0,127.5,55.43478260869565,0,0
2,24,2,1,2760,5,5,4,3,1,4,4,36,1,3,1,3,2,2,2,0,115.0,76.66666666666667,0,1
1,18,2,2,2462,1,3,2,3,1,2,3,22,3,2,1,3,2,1,2,1,136.77777777777777,111.9090909090909,0,0
4,24,4,3,2424,5,5,4,3,1,4,2,53,3,2,2,3,2,1,2,0,101.0,45.735849056603776,0,0
2,48,2,10,5381,5,1,3,3,1,4,4,40,1,3,1,1,2,2,2,0,112.10416666666667,134.525,1,1
1,12,2,8,902,1,4,4,4,1,4,2,21,3,1,1,3,2,1,2,1,75.16666666666667,42.95238095238095,0,0
4,24,4,9,4139,2,3,3,3,1,3,2,27,3,2,2,2,2,2,2,0,172.45833333333334,153.2962962962963,0,1
4,48,4,0,10127,3,3,2,3,1,2,4,44,3,3,1,3,2,1,2,1,210.97916666666666,230.1590909090909,1,1
4,24,2,3,1278,1,5,4,3,1,1,1,36,3,2,1,4,2,2,2,0,53.25,35.5,0,0
2,12,0,8,1410,1,3,2,3,1,2,1,31,3,2,1,2,2,2,2,0,117.5,45.483870967741936,0,0
1,47,2,0,10722,1,2,1,2,1,1,1,35,3,2,1,2,2,2,2,0,228.12765957446808,306.34285714285716,1,1
2,12,0,2,2969,1,2,4,2,1,3,2,25,3,1,2,3,2,1,2,1,247.41666666666666,118.76,0,1
1,12,2,2,1262,5,5,2,1,1,4,2,49,3,2,1,2,2,2,2,0,105.16666666666667,25.755102040816325,0,0
2,36,2,1,9398,1,2,1,4,1,4,3,28,3,1,1,4,2,2,2,1,261.05555555555554,335.64285714285717,1,1
4,12,4,6,2096,1,4,2,3,1,3,1,49,3,2,1,2,1,1,2,0,174.66666666666666,42.775510204081634,0,0
2,30,4,2,8386,1,4,2,3,1,2,2,49,3,2,1,3,2,1,2,1,279.53333333333336,171.14285714285714,0,1
4,12,4,9,1264,5,5,4,3,1,4,4,57,3,1,1,2,2,1,2,0,105.33333333333333,22.17543859649123,0,0
2,12,4,3,3573,1,3,1,2,1,1,1,23,3,2,1,2,2,1,2,0,297.75,155.34782608695653,0,1
3,24,2,3,1258,3,3,3,2,1,3,3,57,3,2,1,2,2,1,2,0,52.416666666666664,22.07017543859649,0,0
4,21,4,2,2288,1,2,4,2,1,4,2,23,3,2,1,3,2,2,2,0,108.95238095238095,99.47826086956522,0,0
1,20,2,2,2212,5,4,4,3,1,4,3,39,3,2,1,3,2,2,2,0,110.6,56.717948717948715,0,0
1,15,2,3,1053,1,2,4,4,1,2,1,27,3,2,1,3,2,1,1,0,70.2,39.0,0,0
1,21,3,6,3414,1,2,2,3,1,1,2,26,2,2,2,3,2,1,2,1,162.57142857142858,131.30769230769232,0,1
1,21,2,2,3599,1,4,1,2,1,4,3,26,3,1,1,2,2,1,2,0,171.38095238095238,138.42307692307693,0,1
4,15,4,2,3343,1,3,4,3,1,2,4,28,3,3,1,3,2,2,2,0,222.86666666666667,119.39285714285714,0,1
1,12,2,6,684,1,3,4,3,1,4,3,40,3,1,1,2,1,1,2,1,57.0,17.1,0,0
2,36,3,0,2225,1,5,4,3,1,4,4,57,1,3,2,3,2,2,2,1,61.80555555555556,39.03508771929825,1,0
4,18,3,3,2320,1,1,2,4,1,3,1,34,3,2,2,3,2,1,2,0,128.88888888888889,68.23529411764706,0,0
4,24,4,3,2684,1,3,4,3,1,2,1,35,3,2,2,2,2,1,2,0,111.83333333333333,76.68571428571428,0,1
1,24,2,0,2303,1,5,4,3,2,1,1,45,3,2,1,3,2,1,2,1,95.95833333333333,51.17777777777778,0,0
1,24,2,0,1442,1,4,4,2,1,4,3,23,3,1,2,3,2,1,2,1,60.083333333333336,62.69565217391305,0,0
4,24,4,0,1940,4,5,4,3,1,4,1,60,3,2,1,3,2,2,2,0,80.83333333333333,32.333333333333336,0,0
1,48,2,3,6999,1,4,1,4,3,1,1,34,3,2,2,3,2,2,2,1,145.8125,205.85294117647058,1,1
2,36,2,1,6948,1,3,2,3,1,2,3,35,3,1,1,4,2,2,2,0,193.0,198.5142857142857,1,1
1,10,4,2,2132,5,2,2,2,2,3,1,27,3,1,2,3,2,1,1,0,213.2,78.96296296296296,0,0
2,24,3,2,2333,5,2,4,3,1,2,2,29,1,2,1,2,2,1,2,0,97.20833333333333,80.44827586206897,0,0
2,30,4,0,4249,1,1,4,4,1,2,3,28,3,2,2,4,2,1,2,1,141.63333333333333,151.75,0,1
1,24,1,2,3552,1,4,3,3,1,4,3,27,1,2,1,3,2,1,2,1,148.0,131.55555555555554,0,1
2,12,2,3,1484,5,3,2,4,1,1,1,25,3,2,1,3,2,2,2,1,123.66666666666667,59.36,0,0
4,18,4,3,1149,4,3,4,3,1,3,1,46,3,2,2,3,2,1,2,0,63.833333333333336,24.97826086956522,0,0
1,18,2,2,2473,1,1,4,3,1,1,3,25,3,2,1,1,2,1,2,1,137.38888888888889,98.92,0,0
4,22,2,0,1283,5,4,4,2,1,4,2,25,3,1,1,3,2,1,2,0,58.31818181818182,51.32,0,0
1,28,2,0,4006,1,3,3,3,1,2,3,45,3,2,1,2,2,1,2,1,143.07142857142858,89.02222222222223,0,1
1,24,1,10,1358,5,5,4,3,1,3,3,40,2,2,1,4,2,2,2,1,56.583333333333336,33.95,0,0
2,9,2,3,1082,1,5,4,3,1,4,3,37,3,2,2,2,2,1,2,0,120.22222222222223,29.243243243243242,0,0
4,12,2,6,1393,1,5,4,3,1,4,2,47,1,2,3,3,1,2,2,0,116.08333333333333,29.638297872340427,0,0
4,48,3,3,12749,3,4,4,3,1,1,3,37,3,2,1,4,2,2,2,0,265.6041666666667,344.56756756756755,1,1
4,60,4,0,13756,5,5,2,3,1,4,4,63,1,3,1,4,2,2,2,0,229.26666666666668,218.34920634920636,1,1
4,15,3,1,3594,1,2,1,2,1,2,2,46,3,2,2,2,2,1,2,0,239.6,78.1304347826087,0,1
1,36,2,0,3249,1,4,2,3,1,4,4,39,1,3,1,4,1,2,2,0,90.25,83.3076923076923,1,1
2,12,2,1,2028,5,3,4,3,1,2,3,30,3,2,1,3,2,1,2,0,169.0,67.6,0,0
2,12,2,3,1331,1,2,2,3,1,1,3,22,3,2,1,3,2,1,2,1,110.91666666666667,60.5,0,0
2,36,3,0,2862,2,5,4,3,1,3,4,30,3,3,1,3,2,1,2,0,79.5,95.4,1,1
1,30,0,9,8072,5,2,2,3,1,3,3,25,1,2,3,3,2,1,2,0,269.06666666666666,322.88,0,1
1,18,4,2,1049,1,2,4,2,1,4,2,21,3,1,1,3,2,1,2,0,58.27777777777778,49.95238095238095,0,0
4,48,4,3,3578,5,5,4,3,1,1,1,47,3,2,1,3,2,2,2,0,74.54166666666667,76.12765957446808,1,1
4,18,1,0,6458,1,5,2,3,1,4,4,39,1,2,2,4,1,2,2,1,358.77777777777777,165.5897435897436,0,1
4,12,4,5,996,5,4,4,2,1,4,1,23,3,2,2,3,2,1,2,0,83.0,43.30434782608695,0,0
2,36,4,0,2820,1,2,4,1,1,4,3,27,3,2,2,3,2,1,2,1,78.33333333333333,104.44444444444444,1,1
2,7,2,3,2415,1,3,3,3,3,2,1,34,3,2,1,3,2,1,2,0,345.0,71.02941176470588,0,0
2,48,1,9,3566,2,4,4,3,1,2,3,30,3,2,1,3,2,1,2,0,74.29166666666667,118.86666666666666,1,1
1,18,2,1,7511,5,5,1,3,1,4,2,51,3,3,1,3,1,2,2,1,417.27777777777777,147.27450980392157,0,1
4,15,4,6,1532,2,3,4,2,1,3,3,31,3,2,1,3,2,1,2,0,102.13333333333334,49.41935483870968,0,0
1,24,4,1,6615,1,1,2,3,1,4,4,75,3,3,2,4,2,2,2,0,275.625,88.2,0,1
3,9,0,3,1337,1,2,4,3,1,2,3,34,3,2,2,4,2,2,2,1,148.55555555555554,39.3235294117647,0,0
4,24,4,5,2058,1,3,4,1,1,2,1,33,3,2,2,3,2,2,2,0,85.75,62.36363636363637,0,0
2,12,2,0,2002,1,4,3,3,1,4,2,30,3,1,1,3,1,2,2,0,166.83333333333334,66.73333333333333,0,0
2,30,2,2,3441,2,3,2,2,2,4,3,21,1,1,1,3,2,1,2,1,114.7,163.85714285714286,0,1
4,12,2,0,1884,1,5,4,3,1,4,3,39,3,2,1,4,2,2,2,0,157.0,48.30769230769231,0,0
2,11,3,3,4771,1,4,2,3,1,4,2,51,3,2,1,3,2,1,2,0,433.72727272727275,93.54901960784314,0,1
2,24,2,2,4057,1,4,3,1,1,3,3,43,3,2,1,3,2,2,2,1,169.04166666666666,94.34883720930233,0,1
2,36,0,3,3804,1,3,4,2,1,1,3,42,3,2,1,3,2,2,2,1,105.66666666666667,90.57142857142857,1,1
4,12,4,6,701,1,3,4,3,1,2,3,32,3,2,2,3,2,1,2,0,58.416666666666664,21.90625,0,0
4,10,2,3,1924,1,3,1,3,1,4,2,38,3,2,1,3,2,2,1,0,192.4,50.63157894736842,0,0
4,18,3,2,1808,1,4,4,2,1,1,1,22,3,2,1,3,2,1,2,1,100.44444444444444,82.18181818181819,0,0
4,28,1,1,7824,5,2,3,3,3,4,1,40,1,1,2,3,1,2,2,0,279.42857142857144,195.6,0,1
4,24,4,3,2611,1,5,4,4,2,3,1,46,3,2,2,3,2,1,2,0,108.79166666666667,56.76086956521739,0,1
2,54,0,9,15945,1,2,3,3,1,4,4,58,3,1,1,3,2,2,2,1,295.27777777777777,274.91379310344826,1,1
4,24,2,0,3757,1,5,4,2,2,4,4,62,3,3,1,3,2,2,2,0,156.54166666666666,60.596774193548384,0,1
4,24,2,9,1258,1,4,4,3,1,1,1,25,3,2,1,3,2,2,2,0,52.416666666666664,50.32,0,0
1,24,2,0,1207,1,2,4,2,1,4,2,24,3,1,1,3,2,1,2,1,50.291666666666664,50.291666666666664,0,0
4,12,4,0,1163,3,3,4,3,1,4,1,44,3,2,1,3,2,2,2,0,96.91666666666667,26.431818181818183,0,0
1,9,4,5,1288,2,5,3,3,3,4,1,48,3,2,2,3,1,1,1,0,143.11111111111111,26.833333333333332,0,0
1,6,4,0,1361,1,2,2,3,1,4,1,40,3,2,1,2,1,1,1,0,226.83333333333334,34.025,0,0
4,24,4,1,5804,4,3,4,3,1,2,1,27,3,2,2,3,2,1,2,0,241.83333333333334,214.96296296296296,0,1
2,30,2,0,2150,1,3,4,2,3,2,4,24,1,2,1,3,2,1,2,1,71.66666666666667,89.58333333333333,0,0
4,60,2,0,10366,1,5,2,3,1,4,2,42,3,2,1,4,2,2,2,0,172.76666666666668,246.8095238095238,1,1
4,15,2,0,5324,3,5,1,2,1,4,4,35,3,3,1,3,2,1,2,0,354.93333333333334,152.11428571428573,0,1
2,18,4,3,1245,1,3,4,4,1,2,3,33,3,2,1,3,2,1,2,1,69.16666666666667,37.72727272727273,0,0
1,12,0,5,1108,1,4,4,3,1,3,1,28,3,2,2,3,2,1,2,1,92.33333333333333,39.57142857142857,0,0
2,10,2,2,1521,1,3,4,1,1,2,3,31,3,2,1,2,2,1,2,0,152.1,49.064516129032256,0,0
2,12,2,2,983,4,2,1,2,1,4,1,19,3,1,1,2,2,1,2,0,81.91666666666667,51.73684210526316,0,0
2,18,3,2,4297,1,5,4,1,1,3,4,40,3,2,1,4,2,2,2,1,238.72222222222223,107.425,0,1
1,21,2,0,3763,5,4,2,3,2,2,1,24,3,2,1,2,2,1,1,0,179.1904761904762,156.79166666666666,0,1
1,36,2,2,3620,1,3,1,3,3,2,2,37,3,2,1,3,1,1,2,0,100.55555555555556,97.83783783783784,1,1
1,42,2,2,7882,1,4,2,3,3,4,2,45,3,3,1,3,1,1,2,0,187.66666666666666,175.15555555555557,1,1
2,9,4,3,1154,1,5,2,3,1,4,1,37,3,2,3,2,2,1,2,0,128.22222222222223,31.18918918918919,0,0
2,12,2,0,1295,1,2,3,2,1,1,3,25,3,1,1,3,2,1,2,1,107.91666666666667,51.8,0,0
1,12,4,0,2122,1,3,3,3,1,2,1,39,3,1,2,2,1,1,1,0,176.83333333333334,54.41025641025641,0,0
3,6,2,2,2116,1,3,2,3,1,2,1,41,3,2,1,3,2,2,2,0,352.6666666666667,51.609756097560975,0,0
1,12,2,2,3590,1,3,2,3,2,2,2,29,3,2,1,2,1,1,2,0,299.1666666666667,123.79310344827586,0,1
1,18,2,2,4153,1,3,2,3,2,3,3,42,3,2,1,3,2,1,2,1,230.72222222222223,98.88095238095238,0,1
4,24,4,3,1851,1,4,4,4,3,2,3,33,3,2,2,3,2,2,2,0,77.125,56.09090909090909,0,0
1,24,2,9,6568,1,3,2,4,1,2,3,21,2,2,1,2,2,1,2,0,273.6666666666667,312.76190476190476,0,1
1,6,2,2,1374,1,3,1,3,1,2,1,36,1,2,1,2,2,2,2,0,229.0,38.166666666666664,0,0
2,24,3,0,1965,5,3,4,2,1,4,3,42,3,1,2,3,2,2,2,0,81.875,46.785714285714285,0,0
1,24,4,1,2957,1,5,4,3,1,4,2,63,3,2,2,3,2,2,2,0,123.20833333333333,46.93650793650794,0,1
2,24,4,6,5743,1,2,2,2,1,4,4,24,3,3,2,3,2,2,2,0,239.29166666666666,239.29166666666666,0,1
1,24,1,1,3632,1,3,1,2,3,4,3,22,1,1,1,3,2,1,1,0,151.33333333333334,165.0909090909091,0,1
2,9,1,0,1437,2,4,2,3,1,3,4,29,3,2,1,3,2,1,2,1,159.66666666666666,49.55172413793103,0,0
4,12,4,9,1185,1,3,3,2,1,2,1,27,3,2,2,3,2,1,2,0,98.75,43.888888888888886,0,0
4,12,2,6,719,1,5,4,3,1,4,3,41,1,2,1,2,1,1,2,1,59.916666666666664,17.536585365853657,0,0
1,21,2,3,2606,1,2,4,2,1,4,2,28,3,1,1,4,2,2,2,0,124.0952380952381,93.07142857142857,0,1
2,12,2,3,1155,1,5,3,4,3,3,1,40,1,2,2,2,2,1,2,0,96.25,28.875,0,0
1,12,4,0,3499,1,3,3,2,2,2,1,29,3,2,2,3,2,1,2,1,291.5833333333333,120.65517241379311,0,1
1,18,3,6,8471,5,3,1,2,1,2,3,23,3,1,2,3,2,2,2,0,470.6111111111111,368.30434782608694,0,1
1,9,2,3,1366,1,2,3,2,1,4,2,22,3,1,1,3,2,1,2,1,151.77777777777777,62.09090909090909,0,0
2,6,3,2,1050,1,1,4,3,1,1,2,35,2,2,2,4,2,2,1,0,175.0,30.0,0,0
2,8,2,3,1414,1,3,4,3,3,2,1,33,3,2,1,3,2,1,1,0,176.75,42.84848484848485,0,0
2,12,4,0,2366,3,4,3,1,1,3,3,36,3,2,1,4,2,2,2,0,197.16666666666666,65.72222222222223,0,0
4,13,2,3,1409,2,1,2,2,1,4,1,64,3,2,1,3,2,1,2,0,108.38461538461539,22.015625,0,0
4,6,3,3,935,1,3,3,2,1,2,1,24,3,2,1,3,2,1,2,0,155.83333333333334,38.958333333333336,0,0
3,12,3,0,2247,1,3,2,2,1,2,3,36,2,2,2,3,2,2,2,0,187.25,62.416666666666664,0,0
2,9,1,1,5129,1,5,2,2,1,4,4,74,1,3,1,4,1,2,2,1,569.8888888888889,69.3108108108108,0,1
4,12,2,3,2279,5,3,4,3,1,4,4,37,3,3,1,3,2,2,2,0,189.91666666666666,61.5945945945946,0,0
1,24,2,1,2964,5,5,4,3,1,4,4,49,1,3,1,3,1,2,2,0,123.5,60.48979591836735,0,1
4,24,1,9,1559,1,4,4,3,1,4,3,40,1,2,1,3,2,2,2,0,64.95833333333333,38.975,0,0
1,14,2,0,8978,1,5,1,1,1,4,2,45,3,2,1,4,2,2,1,1,641.2857142857143,199.51111111111112,0,1
1,24,2,2,3021,1,3,2,1,1,2,1,24,3,1,1,2,2,1,2,0,125.875,125.875,0,1
4,15,3,3,1478,1,3,4,4,1,3,1,33,1,2,2,3,2,1,2,0,98.53333333333333,44.78787878787879,0,0
2,15,2,5,1308,1,5,4,3,1,4,3,38,3,2,2,2,2,1,2,0,87.2,34.421052631578945,0,0
2,24,4,2,4736,1,2,2,2,1,4,3,25,1,2,1,2,2,1,2,1,197.33333333333334,189.44,0,1
4,24,4,3,2578,4,5,2,3,1,2,3,34,3,2,1,3,2,1,2,0,107.41666666666667,75.82352941176471,0,1
4,12,1,8,3447,3,3,4,2,1,3,1,35,3,2,1,2,1,1,2,0,287.25,98.48571428571428,0,1
2,18,2,9,2622,2,3,4,3,1,4,3,34,3,2,1,3,2,1,2,0,145.66666666666666,77.11764705882354,0,1
2,6,3,9,1449,2,5,1,1,1,2,3,31,1,2,2,3,1,1,2,0,241.5,46.74193548387097,0,0
2,24,2,0,3512,2,4,2,3,1,3,3,38,1,2,2,3,2,2,2,0,146.33333333333334,92.42105263157895,0,1
2,18,2,1,2779,1,3,1,4,1,3,3,21,3,1,1,3,2,2,2,0,154.38888888888889,132.33333333333334,0,1
1,24,3,0,1333,1,1,4,3,1,2,1,43,3,3,2,3,1,1,2,1,55.541666666666664,31.0,0,0
1,12,2,3,674,2,4,4,4,1,1,2,20,3,2,1,3,2,1,2,1,56.166666666666664,33.7,0,0
2,14,2,9,1410,3,5,1,4,1,2,1,35,3,2,1,3,2,2,2,0,100.71428571428571,40.285714285714285,0,0
2,18,2,2,3001,1,4,2,2,1,4,1,40,3,1,1,3,2,1,2,0,166.72222222222223,75.025,0,1
2,36,4,3,2337,1,5,4,3,1,4,1,36,3,2,1,3,2,1,2,0,64.91666666666667,64.91666666666667,1,0
4,10,2,0,1418,2,3,3,3,1,2,1,35,3,1,1,2,2,1,1,0,141.8,40.51428571428571,0,0
2,6,3,0,1209,1,1,4,3,1,4,2,47,3,2,1,4,2,2,2,1,201.5,25.72340425531915,0,0
4,12,2,2,1123,3,3,4,2,1,4,3,29,3,1,1,2,2,1,2,1,93.58333333333333,38.724137931034484,0,0
2,6,2,0,14555,5,1,1,3,1,2,2,23,3,2,1,1,2,2,2,1,2425.8333333333335,632.8260869565217,0,1
2,12,2,3,2930,1,4,2,2,1,1,1,27,3,2,1,3,2,1,2,0,244.16666666666666,108.51851851851852,0,1
3,10,4,0,781,1,5,4,3,1,4,4,63,3,3,2,3,2,2,2,0,78.1,12.396825396825397,0,0
4,9,2,4,1236,1,2,1,2,1,4,1,23,3,1,1,3,2,2,2,0,137.33333333333334,53.73913043478261,0,0
4,24,4,3,5103,1,2,3,4,1,3,4,47,3,3,3,3,2,2,2,0,212.625,108.57446808510639,0,1
4,6,2,0,3518,1,3,2,3,3,3,2,26,3,1,1,3,2,1,2,0,586.3333333333334,135.30769230769232,0,1
1,24,2,3,1938,1,2,4,1,1,3,2,32,3,2,1,3,2,1,2,1,80.75,60.5625,0,0
1,39,4,2,14179,5,4,4,3,1,4,2,30,3,2,2,4,2,2,2,0,363.56410256410254,472.6333333333333,1,1
4,15,4,2,1520,5,5,4,3,1,4,2,63,3,2,1,3,2,1,2,0,101.33333333333333,24.126984126984127,0,0
4,18,4,6,1864,2,3,4,2,1,2,1,30,3,2,2,3,2,1,2,1,103.55555555555556,62.13333333333333,0,0
4,21,3,1,2993,1,3,3,3,1,2,1,28,2,2,2,2,2,1,2,0,142.52380952380952,106.89285714285714,0,1
2,10,2,0,7308,1,1,2,3,1,4,4,70,1,3,1,4,2,2,2,0,730.8,104.4,0,1
4,20,4,0,3485,5,2,2,1,1,4,1,44,3,2,2,3,2,2,2,0,174.25,79.20454545454545,0,1
1,36,1,2,2746,1,5,4,3,1,4,3,31,1,2,1,3,2,1,2,1,76.27777777777777,88.58064516129032,1,1
3,6,4,6,1047,1,3,2,2,1,4,2,50,3,2,1,2,2,1,2,0,174.5,20.94,0,0
4,12,4,2,1592,4,4,3,2,1,2,2,35,3,2,1,3,2,1,2,0,132.66666666666666,45.48571428571429,0,0
4,12,2,9,1076,1,3,2,4,1,2,1,26,3,2,1,3,2,2,2,0,89.66666666666667,41.38461538461539,0,0
4,36,2,3,2394,5,3,4,2,1,4,3,25,3,2,1,3,2,1,2,0,66.5,95.76,1,0
2,36,2,3,4795,1,2,4,2,1,1,4,30,3,2,1,4,2,2,2,0,133.19444444444446,159.83333333333334,1,1
2,18,4,9,1887,5,3,4,4,1,4,1,28,1,2,2,3,2,1,2,0,104.83333333333333,67.39285714285714,0,0
1,48,2,3,6758,1,3,3,2,1,2,3,31,3,2,1,3,2,2,2,1,140.79166666666666,218.0,1,1
1,15,2,9,806,1,3,4,2,1,4,2,22,3,2,1,2,2,1,2,0,53.733333333333334,36.63636363636363,0,0
2,9,2,3,1206,1,5,4,2,1,4,1,25,3,2,1,3,2,1,2,0,134.0,48.24,0,0
2,12,2,3,1534,1,2,1,4,1,1,1,23,3,1,1,3,2,1,2,1,127.83333333333333,66.69565217391305,0,0
1,8,4,0,713,1,5,4,3,1,4,1,47,3,2,2,2,2,1,2,0,89.125,15.170212765957446,0,0
2,9,2,2,959,1,3,1,2,1,2,3,29,1,2,1,3,2,1,2,1,106.55555555555556,33.06896551724138,0,0
3,12,2,3,1881,1,3,2,2,1,2,3,44,3,1,1,2,2,2,2,0,156.75,42.75,0,0
1,30,4,1,6187,2,4,1,4,1,4,3,24,3,1,2,3,2,1,2,0,206.23333333333332,257.7916666666667,0,1
2,24,3,9,6967,2,4,4,3,1,4,3,36,3,1,1,4,2,2,2,0,290.2916666666667,193.52777777777777,0,1
4,6,2,3,1595,1,4,3,3,1,2,2,51,3,2,1,3,1,1,2,0,265.8333333333333,31.274509803921568,0,0
4,36,3,2,7678,3,4,2,2,1,4,3,40,3,2,2,3,2,2,2,0,213.27777777777777,191.95,1,1
2,12,4,1,1860,1,1,4,3,1,2,3,34,3,2,2,4,2,2,2,0,155.0,54.705882352941174,0,0
4,30,4,3,4530,1,4,4,2,1,4,3,26,3,1,1,4,2,2,2,0,151.0,174.23076923076923,0,1
4,36,4,1,5711,4,5,4,3,1,2,3,38,3,2,2,4,2,2,2,0,158.63888888888889,150.28947368421052,1,1
2,20,3,10,2629,1,3,2,3,1,3,3,29,1,2,2,3,2,2,2,0,131.45,90.65517241379311,0,1
2,24,2,3,3758,3,1,1,2,1,4,4,23,3,1,1,1,2,1,2,0,156.58333333333334,163.3913043478261,0,1
4,18,4,3,1098,1,1,4,2,1,4,3,65,3,2,2,1,2,1,2,0,61.0,16.892307692307693,0,0
4,12,2,2,1574,1,3,4,3,1,2,1,50,3,2,1,3,2,1,2,0,131.16666666666666,31.48,0,0
2,24,2,2,3069,2,5,4,3,1,4,4,30,3,3,1,3,2,1,2,0,127.875,102.3,0,1
1,42,2,3,3965,1,2,4,3,1,3,3,34,3,2,1,3,2,1,2,1,94.4047619047619,116.61764705882354,1,1
2,6,4,8,932,5,4,1,2,1,3,2,39,3,2,2,2,2,1,2,0,155.33333333333334,23.897435897435898,0,0
4,18,4,0,1055,1,2,4,2,1,1,2,30,3,2,2,3,2,1,2,0,58.611111111111114,35.166666666666664,0,0
4,15,4,1,3368,4,5,3,3,1,4,4,23,3,1,2,3,2,2,2,0,224.53333333333333,146.43478260869566,0,1
4,24,2,3,5943,5,2,1,2,1,1,3,44,3,2,2,3,2,2,2,1,247.625,135.0681818181818,0,1
2,6,1,0,931,2,2,1,2,1,1,2,32,2,2,1,2,2,1,2,1,155.16666666666666,29.09375,0,0
4,24,4,0,1287,4,5,4,2,1,4,1,37,3,2,2,3,2,2,2,0,53.625,34.78378378378378,0,0
4,24,2,0,1525,4,4,4,2,1,3,3,34,3,2,1,3,1,2,2,0,63.541666666666664,44.85294117647059,0,0
1,12,3,0,1344,1,3,4,3,1,2,1,43,3,2,2,2,1,1,2,0,112.0,31.25581395348837,0,0
4,12,2,0,1101,1,3,3,4,1,2,1,27,3,2,2,3,2,2,2,0,91.75,40.77777777777778,0,0
3,12,2,3,1297,1,3,3,4,1,4,1,23,3,1,1,3,2,1,2,0,108.08333333333333,56.391304347826086,0,0
4,30,4,1,7596,5,5,1,3,1,4,3,63,3,2,2,3,2,1,2,0,253.2,120.57142857142857,0,1
2,48,2,9,15672,1,3,2,3,1,2,3,23,3,2,1,3,2,2,2,1,326.5,681.3913043478261,1,1
4,9,2,3,2753,2,5,3,3,2,4,3,35,3,2,1,3,2,2,2,0,305.8888888888889,78.65714285714286,0,1
4,12,2,2,1768,1,3,3,3,1,2,1,24,3,1,1,2,2,1,2,0,147.33333333333334,73.66666666666667,0,0
2,18,2,1,12976,1,1,3,2,1,4,4,38,3,3,1,4,2,2,2,1,720.8888888888889,341.4736842105263,0,1
1,12,2,3,1107,1,3,2,3,1,2,1,20,3,1,1,4,1,2,2,0,92.25,55.35,0,0
1,24,2,2,1747,1,2,4,3,2,1,2,24,3,2,1,2,2,1,1,0,72.79166666666667,72.79166666666667,0,0
4,6,4,2,1221,5,3,1,4,1,2,2,27,3,2,2,3,2,1,2,0,203.5,45.22222222222222,0,0
2,30,3,9,2503,2,5,4,3,1,2,2,41,2,2,2,3,2,1,2,0,83.43333333333334,61.048780487804876,0,1
1,24,2,3,2384,1,5,4,3,1,4,1,64,1,1,1,2,2,1,2,0,99.33333333333333,37.25,0,0
4,36,2,2,10974,1,1,4,2,1,2,3,26,3,2,2,4,2,2,2,1,304.8333333333333,422.0769230769231,1,1
1,6,2,1,1352,3,1,1,2,1,2,2,23,3,1,1,1,2,2,2,0,225.33333333333334,58.78260869565217,0,0
1,15,2,4,1275,5,3,4,2,1,2,3,24,3,1,1,3,2,1,2,1,85.0,53.125,0,0
4,15,2,2,2186,5,4,1,2,1,4,1,33,1,1,1,2,2,1,2,0,145.73333333333332,66.24242424242425,0,0
1,24,2,3,1823,1,1,4,3,1,2,3,30,2,2,1,4,1,1,2,1,75.95833333333333,60.766666666666666,0,0
1,12,2,2,652,1,5,4,2,1,4,2,24,3,1,1,3,2,1,2,0,54.333333333333336,27.166666666666668,0,0
4,10,2,0,1287,5,5,4,3,2,2,2,45,3,2,1,2,2,1,1,0,128.7,28.6,0,0
4,9,2,6,3832,5,5,1,3,1,4,1,64,3,2,1,2,2,1,2,0,425.77777777777777,59.875,0,1
4,42,4,2,4041,3,3,4,3,1,4,1,36,3,2,2,3,2,2,2,0,96.21428571428571,112.25,1,1
4,24,3,0,2032,1,5,4,3,1,4,4,60,3,3,2,3,2,2,2,0,84.66666666666667,33.86666666666667,0,0
1,24,4,1,6419,1,5,2,2,1,4,4,44,3,3,2,4,1,2,2,0,267.4583333333333,145.88636363636363,0,1
3,24,2,2,3749,1,2,2,2,1,4,3,26,3,2,1,3,2,1,2,0,156.20833333333334,144.19230769230768,0,1
1,36,2,1,8229,1,3,2,3,1,2,2,26,3,2,1,3,1,1,2,1,228.58333333333334,316.5,1,1
4,12,2,0,2390,5,5,4,3,1,3,3,50,3,2,1,3,2,2,2,0,199.16666666666666,47.8,0,0
2,6,2,3,484,1,4,3,4,3,3,1,28,1,2,1,2,2,1,2,0,80.66666666666667,17.285714285714285,0,0
4,12,2,0,2859,5,1,4,3,1,4,4,38,3,2,1,4,2,2,2,0,238.25,75.23684210526316,0,1
2,16,4,0,1175,1,1,2,3,1,3,3,68,3,3,3,1,2,2,2,0,73.4375,17.279411764705884,0,0
1,6,4,0,4716,5,2,1,3,1,3,1,44,3,2,2,2,1,1,2,0,786.0,107.18181818181819,0,1
4,12,4,3,1655,1,5,2,3,1,4,1,63,3,2,2,2,2,2,2,0,137.91666666666666,26.26984126984127,0,0
4,18,2,0,6761,5,3,2,3,1,4,3,68,2,1,2,3,2,1,2,1,375.6111111111111,99.42647058823529,0,1
2,30,2,2,3832,1,2,2,4,1,1,2,22,3,2,1,3,2,1,2,0,127.73333333333333,174.1818181818182,0,1
4,15,4,2,2788,1,4,2,2,2,3,3,24,1,2,2,3,2,1,2,0,185.86666666666667,116.16666666666667,0,1
1,30,0,2,4583,1,3,2,1,3,2,1,32,3,2,2,3,2,1,2,0,152.76666666666668,143.21875,0,1
4,36,2,3,2299,3,5,4,3,1,4,3,39,3,2,1,3,2,1,2,0,63.861111111111114,58.94871794871795,1,0
4,18,2,1,3378,5,3,2,3,1,1,2,31,3,2,1,3,2,2,2,0,187.66666666666666,108.96774193548387,0,1
2,21,4,2,2745,4,4,3,3,1,2,3,32,3,2,2,3,2,2,2,0,130.71428571428572,85.78125,0,1
1,12,2,3,1680,3,5,3,4,1,1,1,35,3,2,1,3,2,1,2,0,140.0,48.0,0,0
4,24,4,5,5507,1,5,3,3,1,4,4,44,3,3,2,3,2,1,2,0,229.45833333333334,125.1590909090909,0,1
1,30,2,5,11998,1,2,1,1,1,1,4,34,1,2,1,2,2,2,2,1,399.93333333333334,352.88235294117646,0,1
2,18,2,3,866,1,3,4,4,3,2,1,25,3,2,1,2,2,1,2,0,48.111111111111114,34.64,0,0
4,30,2,3,2333,3,5,4,3,1,2,3,30,1,2,1,4,2,1,2,0,77.76666666666667,77.76666666666667,0,0
1,24,1,0,2325,2,4,2,3,1,3,3,32,1,2,1,3,2,1,2,0,96.875,72.65625,0,0
4,15,4,3,1829,1,5,4,3,1,4,3,46,3,2,2,3,2,2,2,0,121.93333333333334,39.76086956521739,0,0
4,24,4,2,1585,1,4,4,3,1,3,2,40,3,2,2,3,2,1,2,0,66.04166666666667,39.625,0,0
2,6,2,3,1068,1,5,4,3,1,4,3,28,3,2,1,3,1,1,2,0,178.0,38.142857142857146,0,0
1,6,2,4,343,1,2,4,2,1,1,1,27,3,2,1,3,2,1,2,0,57.166666666666664,12.703703703703704,0,0
4,24,2,1,3488,2,4,3,2,1,4,3,23,3,2,1,3,2,1,2,0,145.33333333333334,151.65217391304347,0,1
2,48,0,9,12204,5,3,2,3,1,2,3,48,1,2,1,4,2,2,2,0,254.25,254.25,1,1
3,10,2,0,3949,1,2,1,3,3,1,2,37,3,2,1,2,1,1,2,0,394.9,106.72972972972973,0,1
2,12,2,3,1567,1,3,1,2,1,1,3,22,3,2,1,3,2,2,2,0,130.58333333333334,71.22727272727273,0,0
4,36,2,6,9055,5,3,2,3,1,4,4,35,3,3,1,2,1,2,2,0,251.52777777777777,258.7142857142857,1,1
3,12,2,2,1424,5,5,3,2,1,4,1,55,3,2,1,4,2,2,2,0,118.66666666666667,25.89090909090909,0,0
4,21,2,3,3160,5,5,4,3,1,3,2,41,3,2,1,3,2,2,2,0,150.47619047619048,77.07317073170732,0,1
2,15,2,3,802,1,5,4,3,1,3,3,37,3,2,1,3,1,1,2,1,53.46666666666667,21.675675675675677,0,0
1,6,2,0,14896,1,5,1,3,1,4,4,68,1,2,1,4,2,2,2,1,2482.6666666666665,219.05882352941177,0,1
2,24,3,3,6403,1,2,1,3,1,2,3,33,3,2,1,3,2,1,2,0,266.7916666666667,194.03030303030303,0,1
4,15,4,3,1316,3,3,2,4,1,2,2,47,3,2,2,2,2,1,2,0,87.73333333333333,28.0,0,0
4,15,2,1,1300,5,5,4,3,1,4,4,45,1,3,1,3,1,1,2,0,86.66666666666667,28.88888888888889,0,0
4,10,4,2,2069,5,3,2,4,1,1,3,26,3,2,2,3,2,1,1,0,206.9,79.57692307692308,0,0
1,30,2,1,3857,1,3,4,1,1,4,2,40,3,2,1,4,2,2,2,0,128.56666666666666,96.425,0,1
2,24,4,3,1216,2,2,4,3,1,4,4,38,1,2,2,3,1,1,2,1,50.666666666666664,32.0,0,0
4,11,4,0,7228,1,3,1,3,1,4,2,39,3,2,2,2,2,1,2,0,657.0909090909091,185.33333333333334,0,1
2,24,2,1,11560,1,3,1,2,1,4,3,23,3,1,2,4,2,1,2,1,481.6666666666667,502.60869565217394,0,1
1,6,2,0,662,1,2,3,3,1,4,1,41,3,2,1,2,1,2,2,0,110.33333333333333,16.146341463414632,0,0
2,20,0,1,6148,2,5,3,4,1,4,3,31,1,2,2,3,2,2,2,0,307.4,198.32258064516128,0,1
2,24,2,3,2896,2,2,2,3,1,1,3,29,3,2,1,3,2,1,2,0,120.66666666666667,99.86206896551724,0,1
4,10,2,1,2901,5,2,1,2,1,4,1,31,3,1,1,3,2,1,2,0,290.1,93.58064516129032,0,1
4,54,0,1,9436,5,3,2,3,1,2,2,39,3,2,1,2,1,1,2,0,174.74074074074073,241.94871794871796,1,1
4,36,2,1,8133,1,3,1,2,1,2,2,30,1,2,1,3,2,1,2,0,225.91666666666666,271.1,1,1
4,12,4,3,2331,5,5,1,3,2,4,1,49,3,2,1,3,2,2,2,0,194.25,47.57142857142857,0,0
4,24,4,10,6314,1,1,4,3,2,2,4,27,1,2,2,4,2,2,2,0,263.0833333333333,233.85185185185185,0,1
1,24,3,0,4870,1,3,3,3,1,4,4,53,3,3,2,3,1,1,2,1,202.91666666666666,91.88679245283019,0,1
4,10,4,0,1231,1,5,3,3,1,4,1,32,3,2,2,2,1,1,1,0,123.1,38.46875,0,0
2,18,4,0,884,1,5,4,3,1,4,3,36,3,2,1,3,1,2,2,1,49.111111111111114,24.555555555555557,0,0
1,18,2,3,2389,1,2,4,2,1,1,3,27,2,2,1,3,2,1,2,0,132.72222222222223,88.48148148148148,0,0
4,24,2,0,7393,1,3,1,3,1,4,2,43,3,2,1,2,1,1,2,0,308.0416666666667,171.93023255813952,0,1
4,21,2,9,1572,4,5,4,2,1,4,1,36,1,2,1,2,2,1,2,0,74.85714285714286,43.666666666666664,0,0
4,18,4,0,2775,1,4,2,3,1,2,2,31,1,2,2,3,2,1,2,1,154.16666666666666,89.51612903225806,0,1
4,12,4,3,1291,1,3,4,2,1,2,2,35,3,2,2,3,2,1,2,0,107.58333333333333,36.885714285714286,0,0
4,9,4,0,1224,1,3,3,3,1,1,1,30,3,2,2,3,2,1,2,0,136.0,40.8,0,0
4,6,2,4,1338,3,3,1,1,1,4,1,62,3,2,1,3,2,1,2,0,223.0,21.580645161290324,0,0
4,6,2,6,1538,1,2,1,2,1,2,4,56,3,2,1,3,2,1,2,0,256.3333333333333,27.464285714285715,0,0
4,24,2,3,3621,2,5,2,3,1,4,3,31,3,2,2,3,2,1,2,1,150.875,116.80645161290323,0,1
1,12,4,2,2246,1,5,3,3,1,3,2,60,3,2,2,3,2,1,2,1,187.16666666666666,37.43333333333333,0,0
2,12,2,9,841,2,4,2,2,1,4,1,23,3,1,1,2,2,1,2,0,70.08333333333333,36.56521739130435,0,0
4,24,2,3,3235,3,5,3,1,1,2,3,36,3,2,1,4,2,2,2,0,134.79166666666666,89.86111111111111,0,1
2,36,2,6,3711,5,3,2,4,1,2,3,27,3,2,1,3,2,1,2,0,103.08333333333333,137.44444444444446,1,1
1,9,2,3,1364,1,4,3,3,1,4,1,59,3,2,1,3,2,1,2,0,151.55555555555554,23.11864406779661,0,0
2,18,0,0,2278,2,2,3,2,1,3,3,28,3,2,2,3,2,1,2,1,126.55555555555556,81.35714285714286,0,0
4,6,1,0,783,5,3,1,3,3,2,1,26,2,2,1,2,1,1,2,0,130.5,30.115384615384617,0,0
2,18,2,0,1042,5,3,4,2,1,2,2,33,3,2,1,3,2,1,2,1,57.888888888888886,31.575757575757574,0,0
1,18,2,2,3650,1,2,1,2,1,4,3,22,3,1,1,3,2,1,2,0,202.77777777777777,165.9090909090909,0,1
2,12,2,3,1092,1,3,4,2,3,4,1,49,3,2,2,3,2,2,2,0,91.0,22.285714285714285,0,0
4,9,2,2,1313,1,5,1,3,1,4,3,20,3,2,1,3,2,1,2,0,145.88888888888889,65.65,0,0
4,6,2,3,1346,2,5,2,3,1,4,4,42,1,3,1,3,1,2,2,0,224.33333333333334,32.04761904761905,0,0
1,36,2,3,2302,1,3,4,1,1,4,3,31,3,1,1,3,2,1,2,1,63.94444444444444,74.25806451612904,1,0
1,27,2,3,3416,1,3,3,3,1,2,3,27,3,2,1,4,2,1,2,0,126.51851851851852,126.51851851851852,0,1
1,24,2,0,1371,5,3,4,2,1,4,1,25,3,1,1,3,2,1,2,1,57.125,54.84,0,0
2,9,4,6,1501,1,5,2,2,1,3,3,34,3,2,2,4,2,2,2,1,166.77777777777777,44.14705882352941,0,0
2,30,2,3,1715,5,3,4,2,1,1,3,26,3,2,1,3,2,1,2,0,57.166666666666664,65.96153846153847,0,0
2,18,2,0,6260,1,4,3,3,1,3,1,28,3,1,1,2,2,1,2,0,347.77777777777777,223.57142857142858,0,1
2,30,3,3,1919,2,2,4,3,1,3,4,30,2,2,2,4,2,1,2,1,63.96666666666667,63.96666666666667,0,0
4,12,4,3,1240,5,5,4,2,1,2,1,38,3,2,2,3,2,2,2,0,103.33333333333333,32.63157894736842,0,0
4,12,2,9,1542,1,4,2,3,1,4,3,36,3,2,1,3,2,2,2,0,128.5,42.833333333333336,0,0
2,36,2,3,2671,2,3,4,2,2,4,4,50,3,3,1,3,2,1,2,1,74.19444444444444,53.42,1,1
1,24,2,3,1282,2,3,4,2,1,2,3,32,3,2,1,2,2,1,2,1,53.416666666666664,40.0625,0,0
2,36,2,6,12612,2,3,1,3,1,4,4,47,3,3,1,3,1,2,2,1,350.3333333333333,268.3404255319149,1,1
2,12,2,2,2762,5,5,1,2,1,2,2,25,3,2,1,3,2,2,2,1,230.16666666666666,110.48,0,1
1,12,2,0,1372,1,4,2,1,1,3,3,36,3,2,1,3,2,1,2,1,114.33333333333333,38.111111111111114,0,0
4,24,2,1,6313,5,5,3,3,1,4,3,41,3,2,1,4,1,2,2,0,263.0416666666667,153.97560975609755,0,1
2,18,2,9,1913,4,2,3,4,1,3,1,36,1,2,1,3,2,2,2,0,106.27777777777777,53.138888888888886,0,0
1,18,2,3,1345,1,3,4,4,1,3,1,26,3,2,1,3,2,1,2,1,74.72222222222223,51.73076923076923,0,0
4,36,4,9,6304,5,5,4,3,1,4,1,36,3,2,2,3,2,1,2,0,175.11111111111111,175.11111111111111,1,1
3,6,3,3,683,1,2,2,2,1,1,2,29,1,2,1,3,2,1,2,0,113.83333333333333,23.551724137931036,0,0
2,12,2,0,7472,5,1,1,2,1,2,1,24,3,1,1,1,2,1,2,0,622.6666666666666,311.3333333333333,0,1
1,36,2,2,2712,1,5,2,3,1,2,2,41,1,2,1,3,1,1,2,1,75.33333333333333,66.14634146341463,1,1
4,9,2,0,2507,3,5,2,3,1,4,4,51,3,3,1,2,2,1,2,0,278.55555555555554,49.15686274509804,0,1
2,6,2,3,2063,1,2,4,4,1,3,3,30,3,1,1,4,2,2,2,0,343.8333333333333,68.76666666666667,0,0
2,18,2,3,1301,1,5,4,4,3,2,1,32,3,2,1,2,2,1,2,0,72.27777777777777,40.65625,0,0
4,6,2,8,1238,5,1,4,3,1,4,2,36,3,2,1,4,1,2,2,0,206.33333333333334,34.388888888888886,0,0
4,36,3,3,4454,1,3,4,2,1,4,1,34,3,2,2,3,2,1,2,0,123.72222222222223,131.0,1,1
1,8,4,10,1164,1,5,3,3,1,4,4,51,1,3,2,4,1,2,2,0,145.5,22.823529411764707,0,0
2,18,2,5,3872,1,1,2,2,1,4,3,67,3,2,1,3,2,2,2,0,215.11111111111111,57.791044776119406,0,1
1,24,1,2,3349,3,2,4,3,1,4,4,30,3,3,1,3,1,2,2,1,139.54166666666666,111.63333333333334,0,1
4,18,2,9,1950,1,4,4,3,1,1,3,34,2,2,2,3,2,2,2,0,108.33333333333333,57.35294117647059,0,0
1,18,4,3,1880,1,4,4,4,1,1,2,32,3,2,2,4,2,2,2,0,104.44444444444444,58.75,0,0
1,24,1,0,1193,1,1,1,2,2,4,4,29,3,1,2,1,2,1,2,1,49.708333333333336,41.13793103448276,0,0
1,12,2,2,2577,1,3,2,1,1,1,3,42,3,2,1,3,2,1,2,0,214.75,61.357142857142854,0,1
2,18,2,2,1924,5,2,4,2,1,3,1,27,3,1,1,3,2,1,2,1,106.88888888888889,71.25925925925925,0,0
4,6,1,3,1750,3,5,2,3,1,4,2,45,1,2,1,2,1,1,2,0,291.6666666666667,38.888888888888886,0,0
3,15,2,9,2687,1,4,2,3,1,4,2,26,3,1,1,3,2,2,2,0,179.13333333333333,103.34615384615384,0,1
1,24,2,2,7721,5,2,1,2,1,2,2,30,3,2,1,3,2,2,1,0,321.7083333333333,257.3666666666667,0,1
4,12,4,3,522,3,5,4,3,1,4,2,42,3,2,2,3,1,2,2,0,43.5,12.428571428571429,0,0
2,24,4,1,7758,4,5,2,2,1,4,4,29,3,1,1,3,2,1,2,0,323.25,267.51724137931035,0,1
4,12,2,3,886,5,3,4,2,1,2,3,21,3,2,1,3,2,1,2,0,73.83333333333333,42.19047619047619,0,0
2,7,2,3,2576,1,3,2,3,3,2,1,35,3,2,1,3,2,1,1,0,368.0,73.6,0,1
4,36,4,0,7855,1,3,4,2,1,2,1,25,2,2,2,3,2,2,2,1,218.19444444444446,314.2,1,1
2,20,2,1,6468,5,1,1,1,1,4,1,60,3,2,1,4,2,2,2,0,323.4,107.8,0,1
1,18,2,6,750,1,1,4,2,1,1,1,27,3,2,1,1,2,1,2,1,41.666666666666664,27.77777777777778,0,0
1,48,4,1,6143,1,5,4,2,1,4,4,58,2,3,2,2,2,1,2,1,127.97916666666667,105.91379310344827,1,1
1,60,3,9,6836,1,5,3,3,1,4,4,63,3,2,2,3,2,2,2,1,113.93333333333334,108.5079365079365,1,1
4,4,4,3,1503,1,4,2,3,1,1,1,42,3,2,2,2,1,1,2,0,375.75,35.785714285714285,0,0
4,48,2,9,4844,1,1,3,3,1,2,3,33,3,1,1,4,2,2,2,1,100.91666666666667,146.78787878787878,1,1
1,12,2,0,1168,1,3,4,4,1,3,1,27,3,2,1,2,2,1,2,0,97.33333333333333,43.25925925925926,0,0
4,18,2,5,1943,1,2,4,2,1,4,1,23,3,2,1,3,2,1,2,1,107.94444444444444,84.47826086956522,0,0
4,24,2,3,1533,1,2,4,2,1,3,3,38,2,2,1,3,2,2,2,0,63.875,40.3421052631579,0,0
2,12,2,3,1103,1,4,4,3,3,3,1,29,3,2,2,3,2,1,2,0,91.91666666666667,38.03448275862069,0,0
4,15,2,3,3568,1,5,4,2,1,2,3,54,1,1,1,4,2,2,2,0,237.86666666666667,66.07407407407408,0,1
4,48,2,9,3914,5,3,4,1,1,2,1,38,1,2,1,3,2,1,2,1,81.54166666666667,103.0,1,1
1,12,2,2,1858,1,2,4,2,1,1,3,22,3,1,1,3,2,1,2,0,154.83333333333334,84.45454545454545,0,0
4,12,4,6,2748,1,5,2,2,1,4,4,57,1,3,3,2,2,1,2,0,229.0,48.21052631578947,0,1
4,27,4,2,4526,4,2,4,3,1,2,1,32,2,2,2,2,1,2,2,0,167.62962962962962,141.4375,0,1
4,15,2,4,1262,3,4,4,3,1,3,2,36,3,2,2,3,2,2,2,0,84.13333333333334,35.05555555555556,0,0
2,9,2,0,3195,5,3,1,2,1,2,1,33,3,2,1,2,2,1,2,0,355.0,96.81818181818181,0,1
2,9,2,2,918,1,3,4,2,1,1,2,30,3,2,1,3,2,1,2,1,102.0,30.6,0,0
4,36,4,3,3342,5,5,4,3,1,2,3,51,3,2,1,3,2,2,2,0,92.83333333333333,65.52941176470588,1,1
3,24,2,2,1925,1,3,2,3,1,2,1,26,3,2,1,3,2,1,2,0,80.20833333333333,74.03846153846153,0,0
1,12,2,3,2214,1,3,4,3,1,3,2,24,3,2,1,2,2,1,2,0,184.5,92.25,0,0
1,10,4,0,2241,1,2,1,3,1,3,1,48,3,1,2,2,1,1,1,0,224.1,46.6875,0,0
2,18,2,0,5866,2,3,2,3,1,2,3,30,3,2,2,3,2,2,2,0,325.8888888888889,195.53333333333333,0,1
1,12,2,0,1274,1,2,3,2,1,1,1,37,1,2,1,2,2,1,2,1,106.16666666666667,34.432432432432435,0,0
4,36,2,2,3349,1,3,4,2,1,2,3,28,3,2,1,4,2,2,2,1,93.02777777777777,119.60714285714286,1,1
2,48,2,0,8487,5,4,1,2,1,2,3,24,3,2,1,3,2,1,2,0,176.8125,353.625,1,1
1,24,2,0,1285,5,4,4,2,1,4,4,32,3,1,1,3,2,1,2,1,53.541666666666664,40.15625,0,0
4,6,4,3,1382,1,3,1,2,1,1,3,28,3,2,2,3,2,2,2,0,230.33333333333334,49.357142857142854,0,0
1,12,2,2,7865,1,5,4,3,1,4,4,53,3,3,1,4,2,2,2,1,655.4166666666666,148.39622641509433,0,1
1,6,1,6,1198,1,5,4,2,1,4,4,35,3,3,1,3,2,1,2,1,199.66666666666666,34.22857142857143,0,0
1,24,3,3,1024,1,2,4,4,1,4,1,48,2,2,1,3,2,1,2,1,42.666666666666664,21.333333333333332,0,0
2,12,2,5,639,1,3,4,3,1,2,3,30,3,2,1,3,2,1,2,1,53.25,21.3,0,0
4,6,2,3,2108,1,4,2,4,1,2,1,29,3,1,1,3,2,1,2,0,351.3333333333333,72.6896551724138,0,0
2,36,3,0,8086,2,5,2,3,1,4,3,42,2,2,4,4,2,2,2,1,224.61111111111111,192.52380952380952,1,1
1,36,2,0,1842,1,2,4,2,1,4,3,34,3,2,1,3,2,2,2,1,51.166666666666664,54.1764705882353,1,0
1,12,2,3,727,2,2,4,4,1,3,4,33,3,2,1,2,2,2,2,1,60.583333333333336,22.03030303030303,0,0
4,60,2,0,6527,5,3,4,3,1,4,4,34,3,3,1,3,1,2,2,0,108.78333333333333,191.97058823529412,1,1
4,6,0,3,426,1,5,4,4,1,4,3,39,3,2,1,2,2,1,2,0,71.0,10.923076923076923,0,0
4,12,2,0,1386,3,3,2,2,1,2,2,26,3,2,1,3,2,1,2,1,115.5,53.30769230769231,0,0
1,33,4,2,4281,3,3,1,2,1,4,3,23,3,2,2,3,2,1,2,1,129.72727272727272,186.1304347826087,0,1
2,18,2,6,1239,5,3,4,3,1,4,4,61,3,3,1,3,2,1,2,0,68.83333333333333,20.311475409836067,0,0
1,48,2,1,4788,1,4,4,3,1,3,2,26,3,2,1,3,1,1,2,0,99.75,184.15384615384616,1,1
4,30,2,3,1867,5,5,4,3,1,4,3,58,3,2,1,3,2,2,2,0,62.233333333333334,32.189655172413794,0,0
1,48,2,0,3931,1,4,4,3,1,4,4,46,3,3,1,3,1,1,2,1,81.89583333333333,85.45652173913044,1,1
4,30,1,1,7485,5,1,4,2,1,1,1,53,1,2,1,4,2,2,2,1,249.5,141.22641509433961,0,1
4,30,4,3,3077,5,5,3,3,1,2,3,40,3,2,2,3,1,2,2,0,102.56666666666666,76.925,0,1
1,24,2,0,3123,1,2,4,2,1,1,2,27,3,2,1,3,2,1,2,1,130.125,115.66666666666667,0,1
2,18,4,0,1056,1,5,3,3,3,3,1,30,3,2,2,3,2,1,2,1,58.666666666666664,35.2,0,0
1,18,2,2,2039,1,3,1,2,1,4,1,20,3,1,1,3,2,1,2,1,113.27777777777777,101.95,0,0
1,18,2,2,1131,1,1,4,2,1,2,3,33,3,2,1,3,2,1,2,1,62.833333333333336,34.27272727272727,0,0
4,6,2,2,2978,3,3,1,3,1,2,3,32,3,2,1,3,2,2,2,0,496.3333333333333,93.0625,0,1
4,36,3,3,4463,1,3,4,3,1,2,3,26,3,2,2,4,2,2,2,1,123.97222222222223,171.65384615384616,1,1
4,12,4,3,976,5,5,4,3,1,4,3,35,3,2,2,3,2,1,2,0,81.33333333333333,27.885714285714286,0,0
2,24,4,9,2825,5,4,4,3,1,3,4,34,3,2,2,3,1,2,2,0,117.70833333333333,83.08823529411765,0,1
1,24,2,2,3234,1,2,4,2,1,4,1,23,3,1,1,2,2,2,2,1,134.75,140.6086956521739,0,1
4,24,2,0,1474,2,2,4,4,1,3,1,33,3,2,1,3,2,2,2,0,61.416666666666664,44.666666666666664,0,0
2,12,2,0,888,1,5,4,3,1,4,3,41,1,2,1,2,1,1,2,1,74.0,21.658536585365855,0,0
1,24,1,2,2828,3,3,4,3,1,4,1,22,2,2,1,3,2,2,2,0,117.83333333333333,128.54545454545453,0,1
3,18,2,0,1961,1,5,3,2,1,2,3,23,3,2,1,4,2,1,2,0,108.94444444444444,85.26086956521739,0,0
2,24,2,3,2039,1,2,1,4,1,1,2,22,3,2,1,3,2,2,2,1,84.95833333333333,92.68181818181819,0,0
4,36,2,1,4686,1,3,2,3,1,2,4,32,3,3,1,4,2,2,2,0,130.16666666666666,146.4375,1,1
1,48,1,9,7685,1,4,2,2,3,4,3,37,3,1,1,3,2,1,2,1,160.10416666666666,207.7027027027027,1,1
4,10,2,0,1597,3,3,3,3,1,2,4,40,3,1,1,2,1,1,1,0,159.7,39.925,0,0
1,21,2,3,1835,1,3,3,2,1,2,1,25,3,2,2,3,2,2,2,1,87.38095238095238,73.4,0,0
1,12,2,3,1498,1,3,4,2,1,1,3,23,1,2,1,3,2,1,2,0,124.83333333333333,65.1304347826087,0,0
4,33,3,9,2764,1,3,2,2,1,2,3,26,3,2,2,3,2,2,2,0,83.75757575757575,106.3076923076923,0,1
2,12,2,3,1158,3,3,3,1,1,1,3,26,3,2,1,3,2,2,2,0,96.5,44.53846153846154,0,0
2,12,2,0,1007,4,3,4,4,1,1,1,22,3,2,1,3,2,1,2,0,83.91666666666667,45.77272727272727,0,0
2,12,2,2,951,2,2,4,2,1,4,3,27,1,1,4,3,2,1,2,1,79.25,35.22222222222222,0,0
2,24,0,9,4241,1,3,1,3,1,4,1,36,3,2,3,2,2,2,2,1,176.70833333333334,117.80555555555556,0,1
2,72,2,3,5595,2,3,2,4,1,2,3,24,3,2,1,3,2,1,2,1,77.70833333333333,233.125,1,1
1,18,2,0,2249,2,4,4,3,1,3,3,30,3,2,1,4,1,2,2,0,124.94444444444444,74.96666666666667,0,0
4,18,4,2,3780,1,2,3,1,1,2,3,35,3,2,2,4,2,2,2,0,210.0,108.0,0,1
4,18,4,3,1800,1,3,4,3,1,2,3,24,3,2,2,3,2,1,2,0,100.0,75.0,0,0
1,10,4,0,1038,1,4,4,3,2,3,2,49,3,2,2,3,2,2,2,0,103.8,21.183673469387756,0,0
2,18,2,3,3213,3,2,1,4,1,3,1,25,3,1,1,3,2,1,2,0,178.5,128.52,0,1
3,36,2,3,5848,1,3,4,3,1,1,3,24,3,2,1,3,2,1,2,0,162.44444444444446,243.66666666666666,1,1
2,21,2,9,1188,1,5,2,2,1,4,2,39,3,2,1,3,1,1,2,1,56.57142857142857,30.46153846153846,0,0
2,12,4,0,958,1,4,2,3,1,3,1,47,3,2,2,2,1,1,2,0,79.83333333333333,20.382978723404257,0,0
4,15,4,3,1459,1,3,4,2,1,2,3,43,3,2,1,2,2,1,2,0,97.26666666666667,33.93023255813954,0,0
1,36,4,1,9629,1,4,4,3,1,4,3,24,3,2,2,3,2,2,2,1,267.47222222222223,401.2083333333333,1,1
4,12,2,2,763,1,3,4,2,1,1,1,26,3,2,1,3,2,2,2,0,63.583333333333336,29.346153846153847,0,0
2,60,2,0,14027,1,4,4,3,1,2,4,27,3,2,1,4,2,2,2,1,233.78333333333333,519.5185185185185,1,1
4,15,2,6,4623,2,3,3,3,1,2,2,40,3,2,1,4,2,2,2,1,308.2,115.575,0,1
1,12,4,0,4843,1,5,3,3,2,4,2,43,3,1,2,3,2,2,2,1,403.5833333333333,112.62790697674419,0,1
1,18,2,0,4380,2,3,3,3,1,4,3,35,3,2,1,2,1,2,2,0,243.33333333333334,125.14285714285714,0,1
1,48,2,0,7763,1,5,4,3,1,4,4,42,1,3,1,4,2,1,2,1,161.72916666666666,184.83333333333334,1,1
2,8,2,3,760,1,4,4,2,3,2,1,44,3,2,1,2,2,1,2,0,95.0,17.272727272727273,0,0
4,36,4,0,6614,1,5,4,3,1,4,3,34,3,2,2,4,2,2,2,0,183.72222222222223,194.52941176470588,1,1
4,12,2,1,2445,5,2,2,4,1,4,3,26,3,1,1,3,2,2,2,0,203.75,94.03846153846153,0,0
2,18,4,3,1795,1,5,3,2,3,4,1,48,1,1,2,2,2,2,2,0,99.72222222222223,37.395833333333336,0,0
2,24,3,2,2064,1,1,3,2,1,2,2,34,3,2,1,4,2,2,2,1,86.0,60.705882352941174,0,0
4,48,4,1,8858,5,4,2,3,1,1,4,35,3,3,2,3,2,2,2,0,184.54166666666666,253.0857142857143,1,1
4,6,2,1,1236,3,3,2,3,1,4,2,50,3,1,1,3,2,1,2,0,206.0,24.72,0,0
1,24,2,3,1603,1,5,4,2,1,4,3,55,3,2,1,3,2,1,2,0,66.79166666666667,29.145454545454545,0,0
4,24,2,1,7814,1,4,3,3,1,3,3,38,3,2,1,4,2,2,2,0,325.5833333333333,205.6315789473684,0,1
4,6,2,5,660,3,4,2,4,1,4,1,23,3,1,1,2,2,1,2,0,110.0,28.695652173913043,0,0
4,24,2,1,2603,4,3,2,2,1,4,3,28,3,1,1,3,2,2,2,0,108.45833333333333,92.96428571428571,0,1
4,24,2,3,3430,3,5,3,3,1,2,3,31,3,2,1,3,1,2,2,0,142.91666666666666,110.64516129032258,0,1
4,28,4,3,2743,1,5,4,3,1,2,3,29,3,2,2,3,2,1,2,0,97.96428571428571,94.58620689655173,0,1
4,36,2,3,3595,1,5,4,3,1,2,3,28,3,2,1,3,2,1,2,0,99.86111111111111,128.39285714285714,1,1
1,36,2,2,5179,1,4,4,3,1,2,2,29,3,2,1,3,2,1,2,1,143.86111111111111,178.58620689655172,1,1
4,12,2,3,2171,1,2,2,2,1,2,3,29,1,2,1,3,2,1,2,0,180.91666666666666,74.86206896551724,0,0
4,6,4,0,2080,3,3,1,4,1,2,3,24,3,2,1,3,2,1,2,0,346.6666666666667,86.66666666666667,0,0
1,21,1,0,1647,5,3,4,3,1,2,2,40,1,2,2,2,1,1,2,1,78.42857142857143,41.175,0,0
1,24,1,9,3161,1,3,4,3,1,2,2,31,1,1,1,3,2,2,2,1,131.70833333333334,101.96774193548387,0,1
4,6,4,3,700,5,5,4,3,1,4,4,36,3,3,2,3,2,1,2,0,116.66666666666667,19.444444444444443,0,0
3,4,2,0,1494,5,2,1,3,1,2,1,29,3,2,1,2,1,1,1,0,373.5,51.51724137931034,0,0
3,15,2,3,2327,1,2,2,2,1,3,1,25,3,2,1,2,2,1,2,1,155.13333333333333,93.08,0,0
4,24,4,3,2872,2,5,3,3,1,4,1,36,3,2,1,3,1,2,2,0,119.66666666666667,79.77777777777777,0,1
1,24,2,3,2439,1,2,4,2,1,4,1,35,3,2,1,3,2,2,2,1,101.625,69.68571428571428,0,0
4,24,4,1,4042,5,4,3,3,1,4,2,43,3,2,2,3,2,2,2,0,168.41666666666666,94.0,0,1
4,12,4,0,682,2,4,4,2,1,3,3,51,3,2,2,3,2,2,2,0,56.833333333333336,13.372549019607844,0,0
4,12,4,2,1258,1,2,2,2,1,4,2,22,3,1,2,2,2,1,2,0,104.83333333333333,57.18181818181818,0,0
4,36,2,0,909,3,5,4,3,1,4,2,36,3,2,1,3,2,1,2,0,25.25,25.25,1,0
2,60,1,10,14782,2,5,3,2,1,4,4,60,1,3,2,4,2,2,2,1,246.36666666666667,246.36666666666667,1,1
4,10,4,2,2146,1,2,1,2,1,3,1,23,3,1,2,3,2,1,2,0,214.6,93.30434782608695,0,0
4,15,2,1,4657,1,3,3,3,1,2,3,30,3,2,1,3,2,2,2,0,310.46666666666664,155.23333333333332,0,1
1,12,1,8,339,1,5,4,4,1,1,3,45,1,2,1,2,2,1,2,0,28.25,7.533333333333333,0,0
2,24,2,3,5084,5,5,2,2,1,4,3,42,3,2,1,3,2,2,2,0,211.83333333333334,121.04761904761905,0,1
2,48,2,2,9960,1,2,1,2,1,2,3,26,1,2,1,3,2,2,2,1,207.5,383.0769230769231,1,1
4,12,4,2,5801,5,5,2,3,1,4,2,49,3,1,1,3,2,2,1,0,483.4166666666667,118.38775510204081,0,1
4,12,4,9,2292,1,1,4,3,1,2,3,42,2,2,2,4,2,2,2,1,191.0,54.57142857142857,0,0
4,24,2,0,1469,2,5,4,4,1,4,1,41,3,1,1,2,2,1,2,0,61.208333333333336,35.829268292682926,0,0
2,24,1,6,1837,1,4,4,2,1,4,4,34,1,3,1,2,2,1,2,1,76.54166666666667,54.029411764705884,0,0
4,21,4,0,12680,5,5,4,3,1,4,4,30,3,3,1,4,2,2,2,1,603.8095238095239,422.6666666666667,0,1
2,6,2,3,590,1,2,3,4,1,3,1,26,3,2,1,2,2,1,1,0,98.33333333333333,22.692307692307693,0,0
4,18,4,3,629,3,5,4,3,1,3,2,32,1,2,2,4,2,2,2,0,34.94444444444444,19.65625,0,0
1,12,2,3,701,1,3,4,4,1,2,1,40,3,2,1,2,2,1,2,0,58.416666666666664,17.525,0,0
4,36,4,1,5842,1,5,2,3,1,2,2,35,3,2,2,3,1,2,2,0,162.27777777777777,166.9142857142857,1,1
1,12,2,3,709,1,5,4,3,1,4,1,57,3,2,1,2,2,1,2,1,59.083333333333336,12.43859649122807,0,0
4,36,3,9,9572,1,2,1,1,1,1,3,28,3,2,2,3,2,1,2,1,265.8888888888889,341.85714285714283,1,1
4,6,2,0,672,1,1,1,2,1,4,1,54,3,2,1,1,2,2,2,0,112.0,12.444444444444445,0,0
4,18,4,1,3229,5,1,2,3,1,4,4,38,3,2,1,4,2,2,2,0,179.38888888888889,84.97368421052632,0,1
2,8,2,9,907,1,2,3,4,1,2,1,26,3,2,1,3,2,2,2,0,113.375,34.88461538461539,0,0
4,12,3,5,1555,4,5,4,3,1,4,4,55,3,3,2,3,1,1,2,1,129.58333333333334,28.272727272727273,0,0
4,15,4,0,5045,5,5,1,2,1,4,3,59,3,2,1,3,2,2,2,0,336.3333333333333,85.50847457627118,0,1
1,12,2,6,795,1,2,4,2,1,4,2,53,3,2,1,3,2,1,2,1,66.25,15.0,0,0
4,24,4,0,2022,1,3,4,2,1,4,3,37,3,2,1,3,2,2,2,0,84.25,54.648648648648646,0,0
1,13,4,9,1797,1,2,3,3,1,1,2,28,1,2,2,2,2,1,2,0,138.23076923076923,64.17857142857143,0,0
4,9,2,2,1388,1,3,4,2,1,2,1,26,3,1,1,3,2,1,2,0,154.22222222222223,53.38461538461539,0,0
2,30,0,9,4221,1,3,2,2,1,1,3,28,3,2,2,3,2,1,2,0,140.7,150.75,0,1
2,9,2,3,1670,1,2,4,2,1,2,3,22,3,2,1,3,2,2,2,1,185.55555555555554,75.9090909090909,0,0
3,15,2,6,1905,1,5,4,3,1,4,3,40,3,1,1,4,2,2,2,0,127.0,47.625,0,0
4,12,4,3,1934,1,5,2,3,1,2,4,26,3,2,2,3,2,1,2,0,161.16666666666666,74.38461538461539,0,0
4,33,4,1,7253,1,4,3,3,1,2,3,35,3,2,2,4,2,2,2,0,219.78787878787878,207.22857142857143,0,1
4,24,2,1,9277,5,3,2,1,1,4,4,48,3,3,1,3,2,2,2,0,386.5416666666667,193.27083333333334,0,1
1,6,2,0,1203,2,5,3,3,1,2,2,43,3,2,1,3,2,2,2,0,200.5,27.976744186046513,0,0
1,12,4,1,1409,1,5,4,3,1,3,1,54,3,2,1,3,2,1,2,0,117.41666666666667,26.09259259259259,0,0
3,9,2,3,745,1,3,3,2,1,2,1,28,3,2,1,2,2,1,2,1,82.77777777777777,26.607142857142858,0,0
1,15,0,0,950,1,5,4,3,1,3,3,33,3,1,2,3,1,1,2,1,63.333333333333336,28.78787878787879,0,0
4,12,4,3,618,1,5,4,3,1,4,1,56,3,2,1,3,2,1,2,0,51.5,11.035714285714286,0,0
2,18,4,2,7374,1,1,4,3,1,4,2,40,2,2,2,4,2,2,2,0,409.6666666666667,184.35,0,1
2,21,2,2,3976,5,4,2,3,1,3,3,35,3,2,1,3,2,2,2,0,189.33333333333334,113.6,0,1
4,30,4,3,2831,1,3,4,2,1,2,3,33,3,2,1,3,2,2,2,0,94.36666666666666,85.78787878787878,0,1
2,6,1,6,433,4,2,4,2,1,2,2,24,1,1,1,3,1,1,2,1,72.16666666666667,18.041666666666668,0,0
1,24,1,3,1546,1,4,4,3,3,4,3,24,1,1,1,2,2,1,2,1,64.41666666666667,64.41666666666667,0,0
2,13,4,3,882,1,2,4,3,3,4,1,23,3,2,2,3,2,1,2,0,67.84615384615384,38.34782608695652,0,0
4,48,4,1,2751,5,5,4,3,1,3,3,38,3,2,2,3,1,2,2,0,57.3125,72.39473684210526,1,1
1,30,2,2,3108,1,2,2,1,1,4,2,31,3,2,1,2,2,1,2,1,103.6,100.25806451612904,0,1
4,48,1,9,3609,1,3,1,2,1,1,1,27,2,2,1,3,2,1,2,0,75.1875,133.66666666666666,1,1
1,12,2,0,1228,1,3,4,2,1,2,1,24,3,2,1,2,2,1,2,1,102.33333333333333,51.166666666666664,0,0
1,24,2,2,4020,1,3,2,3,1,2,3,27,2,2,1,3,2,1,2,0,167.5,148.88888888888889,0,1
3,24,4,9,1275,4,3,2,1,1,4,1,36,3,2,2,3,2,2,2,0,53.125,35.416666666666664,0,0
2,18,2,9,1941,4,3,4,3,1,2,2,35,3,2,1,2,2,2,2,0,107.83333333333333,55.457142857142856,0,0
1,15,2,0,1721,1,2,2,3,1,3,1,36,3,2,1,3,2,1,2,0,114.73333333333333,47.80555555555556,0,0
2,11,2,2,1577,4,2,4,2,1,1,1,20,3,2,1,3,2,1,2,0,143.36363636363637,78.85,0,0
4,21,4,1,3275,1,5,1,3,1,4,3,36,3,2,1,4,2,2,2,0,155.95238095238096,90.97222222222223,0,1
1,48,2,6,7476,1,4,4,3,1,1,4,50,3,3,1,4,2,2,2,0,155.75,149.52,1,1
1,6,4,3,338,3,5,4,3,1,4,3,52,3,2,2,3,2,1,2,0,56.333333333333336,6.5,0,0
4,22,2,3,2675,3,5,3,3,1,4,3,40,3,2,1,3,2,1,2,0,121.5909090909091,66.875,0,1
1,12,2,6,1200,5,3,4,2,1,4,2,23,1,1,1,3,2,2,2,0,100.0,52.17391304347826,0,0
4,36,2,6,1819,1,3,4,3,1,4,4,37,2,3,1,3,2,2,2,1,50.52777777777778,49.16216216216216,1,0
4,36,2,9,5742,2,4,2,3,1,2,3,31,3,2,2,3,2,2,2,0,159.5,185.2258064516129,1,1
4,6,4,0,362,2,3,4,2,1,4,3,52,3,2,2,2,2,1,2,0,60.333333333333336,6.961538461538462,0,0
4,12,4,0,926,1,1,1,2,1,2,2,38,3,2,1,1,2,1,2,0,77.16666666666667,24.36842105263158,0,0
4,12,2,3,1493,1,2,4,2,1,3,3,34,3,2,1,3,1,1,2,0,124.41666666666667,43.911764705882355,0,0
3,30,4,3,3017,1,5,4,3,1,4,2,47,3,2,1,3,2,1,2,0,100.56666666666666,64.19148936170212,0,1
2,6,2,3,368,5,5,4,3,1,4,2,38,3,2,1,3,2,1,2,0,61.333333333333336,9.68421052631579,0,0
1,9,2,2,2136,1,3,3,3,1,2,1,25,3,2,1,3,2,1,2,0,237.33333333333334,85.44,0,0
4,24,3,2,4151,2,3,2,3,1,3,2,35,3,2,2,3,2,1,2,0,172.95833333333334,118.6,0,1
1,12,1,3,626,1,3,4,2,1,4,1,24,1,2,1,2,2,1,2,1,52.166666666666664,26.083333333333332,0,0
2,24,3,3,1553,2,4,3,2,1,2,2,23,3,1,2,3,2,2,2,0,64.70833333333333,67.52173913043478,0,0
4,15,4,3,1471,1,3,4,3,1,4,4,35,3,3,2,3,2,2,2,0,98.06666666666666,42.02857142857143,0,0
1,24,2,1,6579,1,1,4,3,1,2,4,29,3,3,1,4,2,2,2,0,274.125,226.86206896551724,0,1
1,18,2,4,1217,1,3,4,4,1,3,1,47,3,2,1,2,2,2,2,1,67.61111111111111,25.893617021276597,0,0
4,12,3,1,1503,1,3,4,4,1,4,1,41,3,1,1,3,2,1,2,0,125.25,36.65853658536585,0,0
1,42,2,3,7174,5,4,4,2,1,3,3,30,3,2,1,4,2,2,2,1,170.8095238095238,239.13333333333333,1,1
3,6,4,0,1343,1,5,1,3,1,4,1,46,3,2,2,3,1,1,1,0,223.83333333333334,29.195652173913043,0,0
2,39,3,6,11760,2,4,2,3,1,3,4,32,3,1,1,3,2,2,2,0,301.53846153846155,367.5,1,1
1,45,0,9,11816,1,5,2,3,1,4,3,29,3,1,2,3,2,1,2,1,262.5777777777778,407.44827586206895,1,1
4,10,2,0,1364,1,3,2,2,1,4,3,64,3,2,1,3,2,2,2,0,136.4,21.3125,0,0
3,24,2,3,5152,1,4,4,3,1,2,3,25,1,2,1,3,2,1,2,0,214.66666666666666,206.08,0,1
4,12,2,3,804,1,5,4,3,1,4,3,38,3,2,1,3,2,1,2,0,67.0,21.157894736842106,0,0
1,48,0,2,7119,1,3,3,3,1,4,4,53,3,3,2,3,1,1,2,1,148.3125,134.32075471698113,1,1
2,9,2,3,2118,1,3,2,3,1,2,1,37,3,2,1,2,1,1,2,0,235.33333333333334,57.24324324324324,0,0
2,15,4,3,1537,5,5,4,3,3,4,1,50,3,2,2,3,2,2,2,0,102.46666666666667,30.74,0,0
1,30,4,1,10623,1,5,3,3,1,4,4,38,3,3,3,4,1,2,2,0,354.1,279.55263157894734,0,1
2,12,2,0,1318,4,5,4,3,1,4,1,54,3,2,1,3,2,2,2,0,109.83333333333333,24.40740740740741,0,0
1,10,2,3,2315,1,5,3,3,1,4,1,52,3,2,1,2,2,1,2,0,231.5,44.51923076923077,0,0
1,6,4,3,1957,1,4,1,2,1,4,3,31,3,2,1,3,2,1,2,0,326.1666666666667,63.12903225806452,0,0
4,18,2,9,1568,2,3,3,2,1,4,2,24,3,1,1,2,2,1,2,0,87.11111111111111,65.33333333333333,0,0
2,36,3,9,4455,1,3,2,1,1,2,1,30,2,2,2,4,2,2,2,1,123.75,148.5,1,1
2,48,2,0,6560,2,4,3,3,1,2,2,24,3,2,1,3,2,1,2,1,136.66666666666666,273.3333333333333,1,1
1,9,2,0,654,1,3,4,3,1,3,3,28,3,2,1,2,2,1,2,1,72.66666666666667,23.357142857142858,0,0
3,12,1,9,609,1,2,4,2,1,1,1,26,1,2,1,1,2,1,2,1,50.75,23.423076923076923,0,0
4,18,4,1,3850,1,4,3,3,1,1,3,27,3,2,2,3,2,1,2,0,213.88888888888889,142.59259259259258,0,1
2,6,2,5,454,1,2,3,4,1,1,2,22,3,2,1,2,2,1,2,0,75.66666666666667,20.636363636363637,0,0
3,12,1,3,409,4,3,3,2,1,3,1,42,3,1,2,3,2,1,2,0,34.083333333333336,9.738095238095237,0,0
2,24,4,3,1743,1,5,4,3,1,2,2,48,3,2,2,2,2,1,2,0,72.625,36.3125,0,0
2,48,0,9,14421,1,3,2,3,1,2,3,25,2,2,1,3,2,2,2,1,300.4375,576.84,1,1
4,6,0,0,1204,2,3,4,3,1,1,4,35,1,1,1,3,2,1,1,0,200.66666666666666,34.4,0,0
4,4,4,0,1455,1,4,2,3,1,1,1,42,3,2,3,2,1,1,2,0,363.75,34.642857142857146,0,0
1,18,4,2,2124,1,3,4,2,1,4,1,24,3,1,2,3,2,1,2,1,118.0,88.5,0,0
1,24,2,3,1987,1,3,2,3,1,4,1,21,3,1,1,2,1,1,2,1,82.79166666666667,94.61904761904762,0,0
2,12,2,3,766,3,3,4,3,1,3,1,66,3,2,1,2,2,1,2,1,63.833333333333336,11.606060606060606,0,0
2,24,2,10,11328,1,3,2,3,2,3,3,29,1,2,2,4,2,2,2,1,472.0,390.62068965517244,0,1
2,15,0,0,1778,1,2,2,2,1,1,1,26,3,1,2,1,2,1,2,1,118.53333333333333,68.38461538461539,0,0
2,12,4,4,1424,1,4,4,3,1,3,2,26,3,2,1,3,2,1,2,0,118.66666666666667,54.76923076923077,0,0
1,11,4,0,3905,1,3,2,3,1,2,1,36,3,1,2,3,1,1,2,0,355.0,108.47222222222223,0,1
4,12,2,3,2073,2,3,4,2,2,2,1,28,3,2,1,3,2,1,2,0,172.75,74.03571428571429,0,0
4,15,2,3,1213,3,5,4,3,1,3,2,47,2,2,1,3,2,2,2,0,80.86666666666666,25.80851063829787,0,0
2,39,4,3,4933,1,4,2,3,3,2,1,25,3,2,2,3,2,1,2,1,126.48717948717949,197.32,1,1
4,6,3,9,1743,2,3,1,3,1,2,1,34,3,2,2,2,2,1,2,0,290.5,51.26470588235294,0,0
1,24,2,2,2359,2,1,1,1,1,1,2,33,3,2,1,3,2,1,2,1,98.29166666666667,71.48484848484848,0,0
2,12,2,0,685,1,4,2,4,1,3,3,25,1,2,1,2,2,1,2,1,57.083333333333336,27.4,0,0
2,18,3,9,2427,5,5,4,3,1,2,2,42,3,2,2,3,2,1,2,0,134.83333333333334,57.785714285714285,0,0
2,36,2,2,9034,2,2,4,3,2,1,4,29,3,1,1,4,2,2,2,1,250.94444444444446,311.51724137931035,1,1
1,12,4,0,691,1,5,4,3,1,3,2,35,3,2,2,3,2,1,2,1,57.583333333333336,19.742857142857144,0,0
4,36,3,0,10875,1,5,2,3,1,2,3,45,3,2,2,3,1,2,2,0,302.0833333333333,241.66666666666666,1,1
4,21,2,0,2782,3,4,1,2,1,2,3,31,1,2,1,4,2,1,2,0,132.47619047619048,89.74193548387096,0,1
4,10,2,1,2848,2,3,1,3,2,2,1,32,3,2,1,3,1,1,2,0,284.8,89.0,0,1
4,11,4,0,1393,1,2,4,2,1,4,3,35,3,2,2,4,2,1,2,0,126.63636363636364,39.8,0,0
4,12,2,3,3077,1,3,2,3,1,4,3,52,3,2,1,3,2,2,2,0,256.4166666666667,59.17307692307692,0,1
1,21,4,0,1602,1,5,4,4,1,3,3,30,3,2,2,3,2,2,2,0,76.28571428571429,53.4,0,0
1,12,2,0,1893,1,3,4,2,3,4,2,29,3,2,1,3,2,2,2,0,157.75,65.27586206896552,0,0
4,24,2,0,1393,1,3,2,3,3,2,1,31,3,2,1,3,2,2,2,0,58.041666666666664,44.935483870967744,0,0
1,8,4,0,3398,1,4,1,3,1,4,1,39,3,2,2,2,2,1,1,0,424.75,87.12820512820512,0,1
4,18,2,0,1820,1,3,2,4,1,2,2,30,3,2,1,4,2,2,2,0,101.11111111111111,60.666666666666664,0,0
1,15,4,2,975,1,3,2,1,1,3,2,25,3,2,2,3,2,1,2,0,65.0,39.0,0,0
2,36,4,1,5800,1,3,3,3,1,4,3,34,3,2,2,3,2,2,2,0,161.11111111111111,170.58823529411765,1,1
1,36,4,6,8065,1,3,3,2,1,2,4,25,3,2,2,4,2,2,2,1,224.02777777777777,322.6,1,1
1,18,2,3,1882,1,3,4,2,1,4,3,25,1,1,2,3,2,1,2,1,104.55555555555556,75.28,0,0
4,18,2,3,1505,1,3,4,3,1,2,4,32,3,3,1,4,2,2,2,0,83.61111111111111,47.03125,0,0
2,13,2,3,2101,1,2,2,2,3,4,2,23,3,2,1,2,2,1,2,0,161.6153846153846,91.34782608695652,0,0
4,24,2,3,1311,2,4,4,4,1,3,2,26,3,2,1,3,2,2,2,0,54.625,50.42307692307692,0,0
4,36,0,5,2613,1,3,4,3,1,2,3,27,3,2,2,3,2,1,2,0,72.58333333333333,96.77777777777777,1,1
4,12,2,1,4675,5,2,1,2,1,4,3,20,3,1,1,3,2,1,2,0,389.5833333333333,233.75,0,1
4,24,2,1,2670,1,5,4,3,1,4,3,35,3,2,1,4,2,2,2,0,111.25,76.28571428571429,0,1
4,30,4,3,5954,1,4,3,3,2,2,3,38,3,2,1,3,2,1,2,0,198.46666666666667,156.68421052631578,0,1
4,12,4,0,1255,1,5,4,3,1,4,1,61,3,2,2,2,2,1,2,0,104.58333333333333,20.57377049180328,0,0
4,27,2,0,2570,1,3,3,2,1,3,1,21,3,1,1,3,2,1,2,1,95.18518518518519,122.38095238095238,0,1
2,48,0,0,8358,3,2,1,2,1,1,3,30,3,2,2,3,2,1,2,0,174.125,278.6,1,1
4,12,2,2,1736,1,4,3,2,1,4,1,31,3,2,1,2,2,1,2,0,144.66666666666666,56.0,0,0
4,18,2,3,1473,1,2,3,4,1,4,1,39,3,2,1,3,2,2,2,0,81.83333333333333,37.76923076923077,0,0
4,9,2,9,1449,1,4,3,2,1,2,3,27,3,2,2,3,2,1,2,0,161.0,53.666666666666664,0,0
2,48,2,3,5951,1,3,2,2,1,2,1,22,3,2,1,3,2,1,2,1,123.97916666666667,270.5,1,1
2,30,4,0,2181,5,5,4,3,1,4,1,36,3,2,2,3,2,1,2,0,72.7,60.583333333333336,0,0
1,12,0,0,1082,1,3,4,3,1,4,3,48,1,2,2,3,2,1,2,1,90.16666666666667,22.541666666666668,0,0
4,18,4,2,1817,1,3,4,2,1,2,4,28,3,2,2,3,2,1,2,0,100.94444444444444,64.89285714285714,0,0
4,9,2,2,1980,1,2,2,2,2,2,3,19,3,1,2,3,2,1,2,1,220.0,104.21052631578948,0,0
1,42,4,5,3394,1,1,4,3,2,4,3,65,3,2,2,1,2,1,2,0,80.80952380952381,52.215384615384615,1,1
4,18,2,2,2515,1,3,3,3,1,4,1,43,3,2,1,3,2,2,2,0,139.72222222222223,58.48837209302326,0,1
3,18,2,2,2864,1,3,2,3,1,1,1,34,3,2,1,2,1,1,2,1,159.11111111111111,84.23529411764706,0,1
4,24,3,1,4679,1,4,3,3,1,3,3,35,3,2,2,2,2,2,2,0,194.95833333333334,133.68571428571428,0,1
1,14,2,0,3973,1,1,1,3,1,4,4,22,3,3,1,3,2,1,2,0,283.7857142857143,180.5909090909091,0,1
3,9,2,3,1126,2,5,2,1,1,4,1,49,3,2,1,3,2,1,2,0,125.11111111111111,22.979591836734695,0,0
4,15,2,3,1979,5,5,4,3,1,2,3,35,3,2,1,3,2,1,2,0,131.93333333333334,56.542857142857144,0,0
4,18,4,3,1582,4,5,4,3,1,4,3,46,3,2,2,3,2,1,2,0,87.88888888888889,34.391304347826086,0,0
1,18,1,3,1940,1,2,3,3,2,4,4,36,1,3,1,4,2,2,2,0,107.77777777777777,53.888888888888886,0,0
4,24,4,0,2463,2,4,4,4,1,3,2,27,3,2,2,3,2,2,2,0,102.625,91.22222222222223,0,0
4,18,2,0,2662,5,4,4,3,1,3,2,32,3,2,1,3,2,1,1,0,147.88888888888889,83.1875,0,1
4,15,3,2,960,4,4,3,2,1,2,2,30,3,2,2,3,2,1,2,0,64.0,32.0,0,0
2,27,2,9,2528,1,2,4,2,1,1,2,32,3,2,1,3,1,2,2,0,93.62962962962963,79.0,0,1
4,24,2,0,2255,5,2,4,3,1,1,2,54,3,2,1,3,2,1,2,0,93.95833333333333,41.75925925925926,0,0
4,27,2,5,5190,5,5,4,3,1,4,2,48,3,2,4,3,1,2,2,0,192.22222222222223,108.125,0,1
4,6,4,3,1898,5,3,1,3,1,2,1,34,3,2,2,2,1,1,2,0,316.3333333333333,55.8235294117647,0,0
4,24,2,3,2397,3,5,3,3,1,2,3,35,1,2,2,3,2,2,2,1,99.875,68.48571428571428,0,0
1,24,0,2,4110,1,5,3,3,1,4,4,23,1,1,2,3,1,1,2,1,171.25,178.69565217391303,0,1
2,27,2,9,3915,1,3,4,3,1,2,3,36,3,2,1,3,1,2,2,1,145.0,108.75,0,1
4,10,2,8,894,5,4,4,2,1,3,2,40,3,2,1,3,2,2,2,0,89.4,22.35,0,0
2,15,2,5,1514,2,3,4,3,3,2,1,22,3,2,1,3,2,1,2,0,100.93333333333334,68.81818181818181,0,0
4,24,2,1,5433,5,1,2,2,1,4,2,26,3,1,1,4,2,2,2,0,226.375,208.96153846153845,0,1
2,60,3,3,7418,5,3,1,3,1,1,1,27,3,2,1,2,2,1,2,0,123.63333333333334,274.74074074074076,1,1
1,18,4,5,1190,1,1,2,2,1,4,4,55,3,3,3,1,1,1,2,1,66.11111111111111,21.636363636363637,0,0
2,36,1,4,3990,5,2,3,2,1,2,4,29,1,2,1,1,2,1,2,0,110.83333333333333,137.58620689655172,1,1
4,12,2,0,3527,5,2,2,3,1,3,2,45,3,2,1,4,1,2,2,0,293.9166666666667,78.37777777777778,0,1
2,36,2,0,12389,5,3,1,3,1,4,4,37,1,3,1,3,2,2,2,1,344.1388888888889,334.8378378378378,1,1
2,24,4,0,3878,2,2,4,1,1,2,3,37,3,2,1,3,2,2,2,0,161.58333333333334,104.8108108108108,0,1
4,9,2,0,3577,2,3,1,3,3,2,1,26,3,1,1,3,1,1,1,0,397.44444444444446,137.57692307692307,0,1
2,48,0,10,18424,1,3,1,2,1,2,2,32,1,2,1,4,2,2,1,1,383.8333333333333,575.75,1,1
2,9,2,9,1391,1,3,2,4,1,1,1,27,1,2,1,3,2,2,2,0,154.55555555555554,51.51851851851852,0,0
1,24,2,1,2910,1,4,2,3,1,1,4,34,3,3,1,4,2,2,2,0,121.25,85.58823529411765,0,1
4,7,3,3,846,5,5,3,3,1,4,4,36,3,3,1,3,2,1,2,0,120.85714285714286,23.5,0,0
4,12,2,3,1963,1,4,4,3,1,2,3,31,3,1,2,4,1,2,2,0,163.58333333333334,63.32258064516129,0,0
3,15,4,3,1271,5,3,3,3,1,4,4,39,3,3,2,3,2,2,2,1,84.73333333333333,32.58974358974359,0,0
2,24,2,0,1201,1,2,4,3,1,1,2,26,3,2,1,3,2,1,2,0,50.041666666666664,46.19230769230769,0,0
4,24,4,3,2223,2,5,4,3,1,4,2,52,1,2,2,3,2,1,2,0,92.625,42.75,0,0
3,24,2,0,947,1,4,4,3,1,3,4,38,1,3,1,3,1,1,2,1,39.458333333333336,24.92105263157895,0,0
4,15,2,3,1386,5,3,4,4,1,2,1,40,3,1,1,3,2,2,2,0,92.4,34.65,0,0
1,48,4,1,6331,1,5,4,3,1,4,4,46,3,3,2,3,2,2,2,1,131.89583333333334,137.6304347826087,1,1
3,15,2,6,392,1,2,4,2,1,4,2,23,3,1,1,3,2,2,2,0,26.133333333333333,17.043478260869566,0,0
4,12,2,3,776,1,3,4,4,1,2,1,28,3,2,1,3,2,1,2,0,64.66666666666667,27.714285714285715,0,0
2,48,2,3,3060,1,4,4,3,1,4,1,28,3,2,2,3,2,1,2,1,63.75,109.28571428571429,1,1
2,21,2,9,2767,2,5,4,1,1,2,3,61,3,1,2,2,2,1,2,1,131.76190476190476,45.36065573770492,0,1
2,48,0,9,3844,2,4,4,3,1,4,4,34,3,3,1,2,1,1,2,1,80.08333333333333,113.05882352941177,1,1
1,36,2,10,15857,1,1,2,1,2,3,3,43,3,2,1,4,2,1,2,0,440.47222222222223,368.7674418604651,1,1
2,12,2,0,1223,1,5,1,1,1,1,1,46,3,1,2,3,2,1,2,1,101.91666666666667,26.58695652173913,0,0
2,24,2,3,1967,1,5,4,2,1,4,3,20,3,2,1,3,2,2,2,0,81.95833333333333,98.35,0,0
3,18,1,3,1445,5,4,4,3,1,4,3,49,1,2,1,2,2,1,2,0,80.27777777777777,29.489795918367346,0,0
2,15,1,0,1264,2,3,2,4,1,2,2,25,3,1,1,3,2,1,2,1,84.26666666666667,50.56,0,0
4,30,4,3,6742,5,4,2,3,1,3,2,36,3,2,2,3,2,1,2,0,224.73333333333332,187.27777777777777,0,1
1,15,3,2,3643,1,5,1,2,1,4,2,27,3,2,2,2,2,1,2,0,242.86666666666667,134.92592592592592,0,1
1,24,2,1,2924,1,3,3,3,3,4,4,63,1,2,1,3,1,2,2,0,121.83333333333333,46.41269841269841,0,1
1,11,4,0,3939,1,3,1,3,1,2,1,40,3,2,2,2,1,1,2,0,358.09090909090907,98.475,0,1
4,36,4,2,7127,1,2,2,2,1,4,2,23,3,1,2,3,2,2,2,1,197.97222222222223,309.8695652173913,1,1
2,11,4,0,1322,4,3,4,2,1,4,3,40,3,2,2,3,2,1,2,0,120.18181818181819,33.05,0,0
2,12,2,3,625,1,2,4,4,3,1,1,26,1,2,1,2,2,1,2,0,52.083333333333336,24.03846153846154,0,0
4,36,2,0,3079,5,3,4,3,1,4,1,36,3,2,1,3,2,1,2,0,85.52777777777777,85.52777777777777,1,1
2,48,2,3,10961,4,4,1,3,2,2,4,27,1,2,2,3,2,2,2,1,228.35416666666666,405.962962962963,1,1
4,18,4,3,2404,1,3,2,2,1,2,3,26,3,2,2,3,2,1,2,0,133.55555555555554,92.46153846153847,0,0
1,9,4,3,1138,1,3,4,3,1,4,1,25,3,2,2,2,2,1,2,0,126.44444444444444,45.52,0,0
2,60,2,6,6288,1,3,4,3,1,4,4,42,3,3,1,3,2,1,2,1,104.8,149.71428571428572,1,1
1,24,2,2,3345,1,5,4,3,1,2,2,39,3,1,1,4,2,2,2,1,139.375,85.76923076923077,0,1
2,36,0,9,1953,1,5,4,3,1,4,4,61,3,3,1,4,2,2,2,1,54.25,32.01639344262295,1,0
3,12,2,2,1474,1,2,4,2,1,1,2,33,1,2,1,4,2,2,2,0,122.83333333333333,44.666666666666664,0,0
4,10,2,2,2210,1,3,2,3,1,2,1,25,3,1,1,2,2,1,2,1,221.0,88.4,0,0
1,12,2,0,3651,4,3,1,3,1,3,2,31,3,2,1,3,1,1,2,0,304.25,117.7741935483871,0,1
4,24,4,1,2346,1,4,4,3,1,3,3,35,3,2,2,3,2,2,2,0,97.75,67.02857142857142,0,0
4,21,3,2,1591,2,4,4,3,1,3,1,34,3,2,2,4,2,1,2,0,75.76190476190476,46.794117647058826,0,0
2,60,3,3,9157,5,3,2,3,1,2,4,27,3,3,1,4,2,1,2,0,152.61666666666667,339.14814814814815,1,1
4,4,4,3,1544,1,4,2,3,1,1,1,42,3,2,3,2,1,1,2,0,386.0,36.76190476190476,0,0
4,9,4,6,936,3,5,4,3,1,2,3,52,3,2,2,3,2,2,2,0,104.0,18.0,0,0
2,24,2,0,2718,1,3,3,2,1,4,2,20,3,1,1,2,2,2,2,1,113.25,135.9,0,1
1,27,4,9,2442,1,5,4,3,1,4,3,43,2,2,4,4,1,2,2,0,90.44444444444444,56.7906976744186,0,0
1,48,0,1,4605,1,5,3,3,1,4,4,24,3,3,2,3,1,1,2,1,95.9375,191.875,1,1
2,24,2,0,1355,1,2,3,2,1,4,3,25,3,2,1,2,2,2,2,1,56.458333333333336,54.2,0,0
4,36,3,1,8947,5,4,3,3,1,2,3,31,2,2,1,4,1,2,2,0,248.52777777777777,288.61290322580646,1,1
1,12,0,3,6199,1,3,4,3,1,2,2,28,3,1,2,3,2,2,2,1,516.5833333333334,221.39285714285714,0,1
4,36,2,3,3835,5,5,2,2,1,4,1,45,3,2,1,2,2,2,2,0,106.52777777777777,85.22222222222223,1,1
4,21,2,2,2241,1,5,4,3,1,2,1,50,3,2,2,3,2,1,2,0,106.71428571428571,44.82,0,0
4,6,2,3,518,1,3,3,2,1,1,1,29,3,2,1,3,2,1,2,0,86.33333333333333,17.862068965517242,0,0
2,15,2,0,2631,2,3,2,2,1,4,3,28,3,1,2,3,2,2,2,1,175.4,93.96428571428571,0,1
4,24,2,2,929,5,4,4,3,1,2,3,31,2,2,1,3,2,2,2,0,38.708333333333336,29.967741935483872,0,0
2,12,2,3,6468,5,1,2,3,1,1,4,52,3,2,1,4,2,2,2,1,539.0,124.38461538461539,0,1
4,18,4,0,1028,1,3,4,2,1,3,1,36,3,2,2,3,2,1,2,0,57.111111111111114,28.555555555555557,0,0
3,36,2,3,4210,1,3,4,3,1,2,3,26,3,2,1,3,2,1,2,1,116.94444444444444,161.92307692307693,1,1
4,18,4,3,6070,1,5,3,3,1,4,3,33,3,2,2,3,2,2,2,0,337.22222222222223,183.93939393939394,0,1
4,9,4,6,1244,5,5,4,2,1,4,2,41,3,1,2,2,2,1,2,0,138.22222222222223,30.341463414634145,0,0
1,36,2,1,8335,5,5,3,3,1,4,4,47,3,3,1,3,2,1,2,1,231.52777777777777,177.3404255319149,1,1
1,36,2,1,5493,1,5,2,3,1,4,4,42,3,3,1,3,1,1,2,0,152.58333333333334,130.78571428571428,1,1
4,6,2,2,4611,1,2,1,2,1,4,2,32,3,2,1,3,2,1,2,1,768.5,144.09375,0,1
1,36,3,6,6887,1,3,4,3,1,3,2,29,2,2,1,3,2,2,2,1,191.30555555555554,237.48275862068965,1,1
1,36,2,2,3446,1,5,4,3,1,2,3,42,3,2,1,3,1,1,2,1,95.72222222222223,82.04761904761905,1,1
1,36,2,6,1977,5,5,4,3,1,4,4,40,3,2,1,4,2,2,2,1,54.916666666666664,49.425,1,0
4,36,2,9,7409,5,5,3,3,1,2,2,37,3,2,2,3,2,1,2,0,205.80555555555554,200.24324324324326,1,1
2,21,3,0,2353,1,3,1,1,1,4,2,47,3,2,2,3,2,1,2,0,112.04761904761905,50.06382978723404,0,0
3,21,2,0,2923,2,3,1,2,1,1,3,28,1,2,1,4,2,2,2,0,139.1904761904762,104.39285714285714,0,1
1,12,4,1,1526,1,5,4,3,1,4,4,66,3,3,2,4,2,1,2,0,127.16666666666667,23.12121212121212,0,0
2,60,2,0,7408,2,2,4,2,1,2,2,24,3,2,1,4,2,1,2,1,123.46666666666667,308.6666666666667,1,1
4,24,2,3,1901,2,3,4,3,1,4,3,29,3,1,1,4,2,2,2,0,79.20833333333333,65.55172413793103,0,0
2,12,3,3,585,1,3,4,4,2,4,1,20,3,1,2,3,2,1,2,0,48.75,29.25,0,0
1,18,4,0,3966,1,5,1,2,1,4,1,33,1,1,3,3,2,2,2,1,220.33333333333334,120.18181818181819,0,1
2,20,3,1,7057,5,4,3,3,1,4,2,36,1,1,2,4,1,2,2,0,352.85,196.02777777777777,0,1
4,24,3,9,2978,5,3,4,3,1,4,1,32,3,2,2,3,1,2,2,0,124.08333333333333,93.0625,0,1
1,24,1,2,6872,1,2,2,1,1,1,2,55,1,2,1,3,2,2,2,1,286.3333333333333,124.94545454545455,0,1
2,18,4,9,3590,1,1,3,4,1,3,3,40,3,2,3,1,1,2,2,0,199.44444444444446,89.75,0,1
1,24,4,3,1231,4,5,4,2,1,4,2,57,3,1,2,4,2,2,2,0,51.291666666666664,21.596491228070175,0,0
1,15,4,2,1478,1,5,4,3,1,4,3,44,3,2,2,3,1,2,2,0,98.53333333333333,33.59090909090909,0,0
3,10,2,4,1225,1,3,2,3,1,2,3,37,3,2,1,3,2,2,2,0,122.5,33.108108108108105,0,0
1,24,2,1,2812,5,5,2,2,1,4,1,26,3,1,1,3,2,1,2,0,117.16666666666667,108.15384615384616,0,1
4,15,2,1,3812,2,2,1,2,1,4,3,23,3,2,1,3,2,2,2,0,254.13333333333333,165.7391304347826,0,1
2,12,2,8,754,5,5,4,3,1,4,2,38,3,2,2,3,2,1,2,0,62.833333333333336,19.842105263157894,0,0
2,24,2,2,4351,5,3,1,2,1,4,2,48,3,2,1,2,2,2,2,0,181.29166666666666,90.64583333333333,0,1
4,24,2,2,5511,2,3,4,3,1,1,3,25,2,2,1,3,2,1,2,0,229.625,220.44,0,1
1,24,3,3,1659,1,2,4,2,1,2,3,29,3,1,1,2,2,2,2,1,69.125,57.206896551724135,0,0
1,18,2,3,3190,1,3,2,2,1,2,1,24,3,2,1,3,2,1,2,1,177.22222222222223,132.91666666666666,0,1
1,36,4,2,2348,1,3,3,4,1,2,2,46,3,2,2,3,2,2,2,0,65.22222222222223,51.04347826086956,1,0
4,24,3,0,717,5,5,4,4,1,4,3,54,3,2,2,3,2,2,2,0,29.875,13.277777777777779,0,0
2,9,2,0,1549,5,2,4,3,1,2,1,35,3,2,1,1,2,1,2,0,172.11111111111111,44.25714285714286,0,0
1,6,4,0,609,1,4,4,2,1,3,2,37,3,2,2,3,2,1,2,0,101.5,16.45945945945946,0,0
2,18,0,2,3244,1,3,1,2,1,4,3,33,1,2,2,3,2,2,2,0,180.22222222222223,98.3030303030303,0,1
4,39,2,1,8588,2,5,4,3,1,2,3,45,3,2,1,4,2,2,2,0,220.2051282051282,190.84444444444443,1,1
3,10,2,0,1240,2,5,1,2,1,4,4,48,3,3,1,2,1,1,2,1,124.0,25.833333333333332,0,0
1,48,2,4,3051,1,3,3,3,1,4,3,54,3,2,1,3,2,1,2,1,63.5625,56.5,1,1
3,42,4,1,4796,1,5,4,3,1,4,4,56,3,3,1,3,2,1,2,0,114.19047619047619,85.64285714285714,1,1
4,7,4,3,730,5,5,4,3,1,2,2,46,3,1,2,2,2,2,2,0,104.28571428571429,15.869565217391305,0,0
4,6,4,3,1554,1,4,1,2,1,2,3,24,3,1,2,3,2,2,2,0,259.0,64.75,0,0
1,36,2,0,9271,1,4,2,3,1,1,3,24,3,2,1,3,2,2,2,1,257.52777777777777,386.2916666666667,1,1
1,36,2,2,3959,1,1,4,3,1,3,2,30,3,2,1,4,2,2,2,0,109.97222222222223,131.96666666666667,1,1
1,6,2,3,2647,3,3,2,3,1,3,1,44,3,1,1,3,1,1,2,0,441.1666666666667,60.15909090909091,0,1
4,48,2,3,10222,5,4,4,3,1,3,3,37,2,2,1,3,2,2,2,0,212.95833333333334,276.27027027027026,1,1
4,18,4,0,1530,1,3,3,3,1,2,2,32,1,2,2,3,2,1,2,1,85.0,47.8125,0,0
4,14,3,0,802,1,3,4,3,1,2,3,27,3,2,2,2,2,1,2,0,57.285714285714285,29.703703703703702,0,0
4,18,0,9,4165,1,3,2,3,1,2,3,36,2,2,2,3,1,1,2,1,231.38888888888889,115.69444444444444,0,1
1,12,2,2,1657,1,3,2,3,1,2,1,27,3,2,1,3,2,1,2,0,138.08333333333334,61.370370370370374,0,0
4,15,4,3,1360,1,3,4,3,1,2,2,31,3,2,2,3,2,1,2,0,90.66666666666667,43.87096774193548,0,0
1,18,2,3,2600,1,3,4,3,1,4,4,65,3,3,2,3,2,1,2,1,144.44444444444446,40.0,0,1
4,10,2,0,1309,5,3,4,3,3,4,2,27,3,2,1,2,2,1,2,1,130.9,48.48148148148148,0,0
2,36,3,9,9857,2,4,1,3,1,3,2,31,3,2,2,2,1,2,2,0,273.80555555555554,317.96774193548384,1,1
1,18,2,0,1216,1,2,4,2,1,3,3,23,3,1,1,3,2,2,2,1,67.55555555555556,52.869565217391305,0,0
1,24,4,9,1382,2,4,4,3,1,1,1,26,3,2,2,3,2,2,2,0,57.583333333333336,53.15384615384615,0,0
2,48,3,6,6224,1,5,4,3,1,4,4,50,3,3,1,3,2,1,2,1,129.66666666666666,124.48,1,1
2,9,2,3,458,1,3,4,3,1,3,1,24,3,2,1,3,2,1,2,0,50.888888888888886,19.083333333333332,0,0
4,36,4,0,3535,1,4,4,3,1,4,3,37,3,2,2,3,2,2,2,0,98.19444444444444,95.54054054054055,1,1
2,9,2,2,2030,5,4,2,3,1,1,3,24,3,2,1,3,2,2,2,0,225.55555555555554,84.58333333333333,0,0
1,42,3,3,4370,1,4,3,3,1,2,2,26,1,2,2,3,1,2,2,1,104.04761904761905,168.07692307692307,1,1
1,6,2,6,448,1,2,4,2,1,4,2,23,3,2,1,3,2,1,2,1,74.66666666666667,19.47826086956522,0,0
4,12,2,3,3059,4,4,2,1,1,4,1,61,3,2,1,2,2,1,2,0,254.91666666666666,50.14754098360656,0,1
1,30,2,2,2406,1,4,4,2,1,4,1,23,3,1,1,3,2,1,2,1,80.2,104.6086956521739,0,0
4,24,4,6,1597,1,5,4,3,1,4,4,54,3,3,2,3,1,1,2,0,66.54166666666667,29.574074074074073,0,0
4,48,3,3,7238,5,5,3,3,1,3,3,32,1,2,2,3,1,1,2,0,150.79166666666666,226.1875,1,1
3,36,2,3,3919,1,3,2,3,1,2,1,23,3,2,1,3,2,2,2,0,108.86111111111111,170.3913043478261,1,1
4,24,4,6,1927,5,3,3,2,1,2,3,33,3,2,2,3,2,2,2,0,80.29166666666667,58.39393939393939,0,0
1,6,4,2,1872,1,1,4,3,1,4,4,36,3,3,3,4,2,2,2,0,312.0,52.0,0,0
2,15,1,0,6850,2,1,1,3,1,2,2,34,2,2,1,4,1,2,2,1,456.6666666666667,201.47058823529412,0,1
3,6,4,0,1323,2,5,2,1,1,4,3,28,3,2,2,3,1,2,2,0,220.5,47.25,0,0
2,30,2,3,2991,5,5,2,2,1,4,3,25,3,2,1,3,2,1,2,0,99.7,119.64,0,1
2,45,4,1,4576,2,1,3,3,1,4,3,27,3,2,1,3,2,1,2,0,101.68888888888888,169.4814814814815,1,1
1,45,2,3,1845,1,3,4,3,1,4,4,23,3,3,1,3,2,2,2,1,41.0,80.21739130434783,1,0
4,12,0,2,2759,1,5,2,3,1,4,2,34,3,2,2,3,2,1,2,0,229.91666666666666,81.1470588235294,0,1
1,12,2,4,741,2,1,4,2,1,3,2,22,3,2,1,3,2,1,2,1,61.75,33.68181818181818,0,0
3,18,2,2,3049,1,2,1,2,1,1,2,45,2,2,1,2,2,1,2,0,169.38888888888889,67.75555555555556,0,1
4,15,1,3,1569,2,5,4,3,1,4,3,34,1,2,1,2,1,1,2,0,104.6,46.14705882352941,0,0
4,9,2,3,2697,1,3,1,3,1,2,1,32,3,2,1,3,1,1,2,0,299.6666666666667,84.28125,0,1
1,15,2,0,1403,1,3,2,2,1,4,3,28,3,1,1,3,2,1,2,0,93.53333333333333,50.107142857142854,0,0
2,24,4,9,1935,1,5,4,1,1,4,1,31,3,2,2,3,2,2,2,1,80.625,62.41935483870968,0,0
4,24,4,3,1516,4,3,4,2,1,1,1,43,3,2,2,2,2,1,2,0,63.166666666666664,35.25581395348837,0,0
4,6,4,0,250,4,3,2,2,1,2,1,41,1,2,2,2,2,1,2,0,41.666666666666664,6.097560975609756,0,0
4,12,4,2,1402,3,4,3,2,1,4,3,37,3,1,1,3,2,2,2,0,116.83333333333333,37.891891891891895,0,0
